GEOID,3sfca_capacity,2sfca30_capacity
51001090100,0.0,0.0
51001090200,0.0,0.0
51001090300,0.0,0.0
51001090400,0.0,0.0
51001090500,0.0,0.0
51001090600,0.0,0.0
51001090700,0.0,0.0
51001090800,0.0,0.0
51001980100,0.0,0.0
51001980200,0.0,0.0
51001990100,0.0,0.0
51001990200,,
51003010100,0.15864214601761586,0.0
51003010201,1.4240021202057422,0.010353338915399425
51003010202,2.659144542771466,0.03200122937487095
51003010300,2.5116749420372284,0.03200122937487095
51003010401,1.4240021202057422,0.010353338915399425
51003010402,2.5116749420372284,0.03200122937487095
51003010500,2.5116749420372284,0.03200122937487095
51003010601,2.5116749420372284,0.03200122937487095
51003010602,2.5116749420372284,0.03200122937487095
51003010700,3.483319949306826,0.04706063143363375
51003010800,3.483319949306826,0.04706063143363375
51003010901,3.483319949306826,0.04706063143363375
51003010902,3.483319949306826,0.04706063143363375
51003010903,3.483319949306826,0.04706063143363375
51003011000,2.5116749420372284,0.03200122937487095
51003011100,1.1738025742279563,0.010353338915399425
51003011201,0.09922284263572159,0.0
51003011202,2.3800634031530583,0.03200122937487095
51003011301,0.15864214601761586,0.0
51003011302,3.483319949306826,0.04706063143363375
51003011303,3.483319949306826,0.04706063143363375
51003011400,0.10051696497115462,0.0
51005070100,0.20778808313424396,0.0
51005080100,0.20778808313424396,0.0
51005080201,0.0,0.0
51005080202,0.0,0.0
51005080301,0.0,0.0
51005080302,0.0,0.0
51007930100,0.09849777736877341,0.0
51007930200,0.0764799486996607,0.0
51009010100,0.40734081611580963,0.0044112296079137706
51009010200,0.6590381345933006,0.011634095044544747
51009010300,0.3312392150807189,0.00424604851959744
51009010401,4.181192735397988,0.21762698578341477
51009010402,9.759512483030973,0.6452238243030738
51009010502,9.855431325914461,0.6380549035024089
51009010503,10.479130708092681,0.6373537011847054
51009010504,3.703953228694768,0.2261245475303951
51009010600,4.63877579651049,0.20975686266504628
51011040100,11.264597864967962,0.1971568892107
51011040200,0.4902588785303226,0.0
51011040300,0.4902588785303226,0.0
51013100100,0.424664043269138,0.02463034598112352
51013100200,0.4688586650005858,0.024149967348919273
51013100300,0.471516441321938,0.024149967348919273
51013100400,0.5187036873804846,0.025527003109086246
51013100500,0.4967051860148476,0.025548925079014698
51013100600,0.4967051860148476,0.025548925079014698
51013100700,0.4967051860148476,0.025548925079014698
51013100800,0.49408740016481995,0.025548925079014698
51013100900,0.4782843572455605,0.025770868845245803
51013101000,0.4530680961012436,0.02437191111515038
51013101100,0.424664043269138,0.02463034598112352
51013101200,0.49117912509168027,0.02561470228434448
51013101300,0.4621144558907809,0.025770868845245803
51013101401,0.49408740016481995,0.025548925079014698
51013101402,0.49408740016481995,0.025548925079014698
51013101403,0.49408740016481995,0.025548925079014698
51013101404,0.49408740016481995,0.025548925079014698
51013101500,0.4967051860148476,0.025548925079014698
51013101601,0.48403655436561843,0.025650633468888386
51013101602,0.48403655436561843,0.025650633468888386
51013101603,0.4697363833486547,0.027118081428735605
51013101701,0.48403655436561843,0.025650633468888386
51013101702,0.4651532385367521,0.025650633468888386
51013101703,0.4339121999339448,0.02505386991365639
51013101801,0.4651532385367521,0.025650633468888386
51013101802,0.4651532385367521,0.025650633468888386
51013101803,0.4697363833486547,0.027118081428735605
51013101900,0.4651532385367521,0.025650633468888386
51013102001,0.451421905705624,0.02587257723511949
51013102002,0.47671225201351136,0.025548925079014698
51013102003,0.45633611044252503,0.02734002519496671
51013102100,0.41435324602188023,0.02519602725994226
51013102200,0.3993970995157487,0.023631411791211646
51013102301,0.45633611044252503,0.02734002519496671
51013102302,0.40514852656228184,0.02529773564981595
51013102400,0.4169772612458273,0.025075791883584844
51013102500,0.46041547229451885,0.024479071492858474
51013102600,0.4489937626951618,0.0248882121750212
51013102701,0.40514852656228184,0.02529773564981595
51013102702,0.4639805055914404,0.022856834882852693
51013102801,0.40878630879067857,0.023222271109048922
51013102802,0.4064636593089135,0.023222271109048922
51013102901,0.4639805055914404,0.022856834882852693
51013102902,0.44700256810155276,0.02295854327272638
51013103000,0.4255980712013212,0.02295854327272638
51013103100,0.44658567457957027,0.0248882121750212
51013103200,0.4489937626951618,0.0248882121750212
51013103300,0.46041547229451885,0.024479071492858474
51013103401,0.4546041397467866,0.023011623533011255
51013103402,0.2939782951697103,0.011637910824980488
51013103501,0.46041547229451885,0.024479071492858474
51013103502,0.478932478236465,0.024357501002821805
51013103503,0.2939782951697103,0.011637910824980488
51013103601,0.2939782951697103,0.011637910824980488
51013103602,0.2939782951697103,0.011637910824980488
51013103700,0.2939782951697103,0.011637910824980488
51013103800,0.4908345155526166,0.024201334441920484
51013980100,0.27916463617884335,0.010170462865133267
51013980200,0.248146607425413,0.010238953094885065
51015070100,0.039803539253827326,0.0
51015070200,0.47203779337159113,0.005677295504087415
51015070300,1.5859635119846187,0.08679254383587148
51015070400,0.44788620219935826,0.005677295504087415
51015070500,0.3061837952942417,0.007234396954883047
51015070600,0.5322877874076184,0.022360863315093057
51015070700,1.5889271810566492,0.09595991930579553
51015070800,0.5826464674483075,0.022360863315093057
51015070900,0.5322877874076184,0.022360863315093057
51015071000,0.3013663589668032,0.007234396954883047
51015071101,0.5322877874076184,0.022360863315093057
51015071102,0.29243280167341146,0.007234396954883047
51015071200,0.18808938700372813,0.0
51017920100,0.20778808313424396,0.0
51019030101,5.49479256495141,0.21646746038449313
51019030103,4.930788950298499,0.21792892236857248
51019030104,12.627462140000711,0.6301660543545815
51019030201,12.594443298123686,0.20216646599773713
51019030202,0.6971376269685584,0.0
51019030300,0.5136315480306908,0.0
51019030401,0.5779938133918742,0.0
51019030402,0.44019473520832797,0.0
51019030501,1.6707628529077996,0.0
51019030503,0.0,0.0
51019030504,0.6889386263842884,0.0
51019030601,0.02212356182124707,0.0
51019030602,0.06850281640390855,0.0011286477780029197
51019030603,0.06850281640390855,0.0011286477780029197
51019030604,0.02212356182124707,0.0
51019030605,0.5038741122309969,0.0
51019050100,0.3616574166052475,0.0
51021040100,0.0,0.0
51021040200,0.0,0.0
51023040100,0.0638358798845001,0.0
51023040200,0.1016940709553886,0.0
51023040301,0.0867081520968777,0.0011286477780029197
51023040302,0.06850281640390855,0.0011286477780029197
51023040401,0.11530069652634034,0.0024790513233100067
51023040402,0.23335687190750012,0.011094883227708111
51023040501,0.10536599003648885,0.0024790513233100067
51023040502,0.22431443887570923,0.0011286477780029197
51025930100,0.359508128014255,0.0
51025930201,0.359508128014255,0.0
51025930202,0.0,0.0
51025930203,0.0,0.0
51025930300,0.0,0.0
51027010100,0.21648806409469587,0.003944979964645488
51027010200,0.015836289556430475,0.0
51027010300,0.21648806409469587,0.003944979964645488
51027010400,0.14214955149462594,0.0040939706081590714
51027010500,0.04248809378045477,0.0001489906435135836
51027010600,0.04248809378045477,0.0001489906435135836
51027010700,0.015836289556430475,0.0
51029930101,0.23228097040812934,0.0
51029930102,0.19699555473754682,0.0
51029930201,0.19699555473754682,0.0
51029930202,0.5554687251691991,0.0
51031020101,15.467224268883903,0.6172220443931803
51031020102,0.588013319794581,0.0
51031020200,21.460367787155224,0.9162385090706233
51031020300,12.627462140000711,0.6301660543545815
51031020401,12.627462140000711,0.6301660543545815
51031020402,14.008983593742014,0.6287045923705022
51031020403,7.339513361498968,0.2033475026705006
51031020500,17.679778947575723,0.6162140660614813
51031020600,0.588013319794581,0.0
51031020700,0.588013319794581,0.0
51031020800,0.588013319794581,0.0
51031020900,0.6971376269685584,0.0
51033030100,0.06105660799485723,0.0
51033030201,0.05428046409355143,0.0
51033030202,0.04407608326346022,0.0
51033030300,0.054761020095186165,0.0
51033030400,0.027023791753585085,0.0
51033030500,0.2861415643859073,0.0023339395969223234
51033030600,0.5541849606703971,0.007487298226108737
51035080100,0.0,0.0
51035080200,0.35773460046491173,0.0
51035080300,0.0,0.0
51035080400,0.0,0.0
51035080500,0.0,0.0
51035080601,0.0,0.0
51035080602,0.0,0.0
51036600100,0.07853285834415114,0.0
51036600200,0.1187703818555892,0.0
51036600300,0.1091280106690975,0.0
51037930100,0.19699555473754682,0.0
51037930200,0.0,0.0
51037930300,0.19699555473754682,0.0
51041100106,0.9366063305910336,0.05410909078516892
51041100107,1.0227579758392293,0.05410909078516892
51041100205,1.1875480144494397,0.04678078600644468
51041100206,1.1875480144494397,0.04678078600644468
51041100208,0.41064565736459124,0.017637550322267558
51041100209,1.092323887960336,0.052017881515790225
51041100210,1.0961307207153312,0.05227555506478169
51041100300,1.3638349651729518,0.09155751888418495
51041100403,1.2916489777039708,0.04298776889070616
51041100404,1.443571121462754,0.0913897589293019
51041100405,1.3638349651729518,0.09155751888418495
51041100406,0.8405944263888274,0.06058074747962059
51041100407,1.595488662762677,0.08972398316379773
51041100409,1.121778608419102,0.057802746518976066
51041100410,1.2806224329705291,0.057722513497075474
51041100505,1.7470889047474834,0.05692583813096478
51041100506,3.3066486568206703,0.13287128566218268
51041100507,3.3066486568206703,0.13287128566218268
51041100508,2.998083160239607,0.1468093549024413
51041100509,3.3066486568206703,0.13287128566218268
51041100510,1.2916489777039708,0.04298776889070616
51041100600,5.129933062393671,0.1953989495032098
51041100701,5.421778448812327,0.1953989495032098
51041100702,5.421778448812327,0.1953989495032098
51041100703,1.411319208550525,0.04298776889070616
51041100804,1.2174589096944823,0.04844656177194886
51041100805,0.5306638885669739,0.017319675480565608
51041100806,1.4903234152876932,0.08972398316379773
51041100807,0.8337629611050599,0.060307444371271765
51041100812,0.579650497183655,0.017319675480565608
51041100814,0.9087259768546762,0.060307444371271765
51041100815,0.9087259768546762,0.060307444371271765
51041100816,0.9954606810845141,0.057802746518976066
51041100817,1.0852926896892614,0.05692583813096478
51041100818,0.579650497183655,0.017319675480565608
51041100819,0.5306638885669739,0.017319675480565608
51041100820,0.8401043836148028,0.013938069240258625
51041100821,0.04658708802420496,0.0
51041100822,0.9588009719110238,0.04298776889070616
51041100823,0.9954606810845141,0.057802746518976066
51041100902,0.977586623191754,0.05236875050724731
51041100907,1.0227579758392293,0.05410909078516892
51041100910,0.41064565736459124,0.017637550322267558
51041100912,0.5317370207986563,0.017319675480565608
51041100915,0.46461109059148403,0.022859016272255735
51041100919,0.5317370207986563,0.017319675480565608
51041100920,0.48933347559286244,0.02313231938060456
51041100921,1.0845713412671643,0.05227555506478169
51041100922,1.137720080468997,0.052017881515790225
51041100923,1.0434274791811582,0.05227555506478169
51041100924,0.10627336053017458,0.0034389105431789618
51041100926,0.4838951416488528,0.022859016272255735
51041100927,0.02291362892118135,0.0
51041100928,0.3638544792578298,0.017621920762910193
51041100929,0.4319167563695545,0.017621920762910193
51041100930,0.3485828905725329,0.017621920762910193
51041100931,0.4318908685482878,0.01736424721391873
51041100932,0.4620312014862623,0.017592978588914433
51041100933,0.5317370207986563,0.017319675480565608
51041100934,0.608200391757514,0.01644276709255432
51041100935,0.43973540383795123,0.016745012374898904
51041100936,0.3865926509845969,0.0168252453967995
51041101003,0.05672137883272739,0.0
51041101004,0.04538190595020469,0.0
51041101007,0.02291362892118134,0.0
51041101008,0.027496354705417617,0.0
51041101009,0.027496354705417617,0.0
51041101010,0.027496354705417617,0.0
51041101011,0.019640253361012595,0.0
51041101012,0.02291362892118134,0.0
51041101013,0.02291362892118134,0.0
51043010100,0.4464116078239655,0.031816192123105866
51043010200,0.33786249646834254,0.0099924633226279
51043010300,0.009969320350520214,0.0
51045050100,0.02212356182124707,0.0
51047930101,0.0,0.0
51047930102,0.00022375864171456873,0.0
51047930201,0.0,0.0
51047930202,0.0,0.0
51047930300,0.012260204287197285,0.0
51047930400,0.02452040857439457,0.0
51047930501,0.0,0.0
51047930502,0.0,0.0
51049930100,0.09849777736877341,0.0
51049930200,4.844060475488745,0.17706599767847905
51051040100,0.21648806409469587,0.003944979964645488
51051040200,0.07236741587282083,0.0
51051040300,0.07236741587282083,0.0
51051040400,0.0,0.0
51053840100,0.359508128014255,0.0
51053840200,2.109263297442669,0.04298776889070616
51053840300,3.53404058266638,0.13287128566218268
51053840400,5.129933062393671,0.1953989495032098
51053840500,3.9451280470475814,0.13287128566218268
51053840600,2.271812028621737,0.04298776889070616
51053980100,0.359508128014255,0.0
51057950600,0.04904081714878914,0.0
51057950700,0.0,0.0
51057950800,0.0,0.0
51059415100,0.1652673489254975,0.006435774541512615
51059415200,0.2283570282337009,0.007947383254673614
51059415300,0.15340467102394595,0.0049155481542894645
51059415401,0.12175157232817518,0.0033071258732764873
51059415402,0.13151696793569076,0.00320097885464422
51059415500,0.13151696793569076,0.00320097885464422
51059415600,0.1626223269904245,0.004857405746011059
51059415700,0.15014001949535766,0.00320097885464422
51059415800,0.14599550367622854,0.00320097885464422
51059415900,0.13151696793569076,0.00320097885464422
51059416000,0.13050410292602707,0.00320097885464422
51059416100,0.10094286697061931,0.0023453424338358846
51059416200,0.05803021629430488,0.0007018229373182365
51059416300,0.05829504329393662,0.0007018229373182365
51059420100,0.3209618797632166,0.018275478150882533
51059420201,0.36884317386974624,0.017910041924686308
51059420202,0.3485528431338052,0.021307313251266682
51059420203,0.3871017214150793,0.017763836114242884
51059420300,0.39692143906333127,0.01893087528805829
51059420400,0.39692143906333127,0.01893087528805829
51059420501,0.1652673489254975,0.006435774541512615
51059420502,0.4123975178692715,0.020941877025070457
51059420503,0.3997488984325068,0.01893087528805829
51059420600,0.16881652222530347,0.006211285110216969
51059420700,0.37572445483150974,0.01893087528805829
51059420800,0.37572445483150974,0.01893087528805829
51059421001,0.3871017214150793,0.017763836114242884
51059421002,0.3571306026685554,0.01658170581818284
51059421101,0.37353371259602175,0.016359762051951734
51059421102,0.37353371259602175,0.016359762051951734
51059421103,0.35117911449593037,0.016359762051951734
51059421200,0.37353371259602175,0.016359762051951734
51059421300,0.1457623748736245,0.00319976136265683
51059421400,0.15809846414532044,0.006211285110216969
51059421500,0.13151696793569076,0.00320097885464422
51059421600,0.13050410292602707,0.00320097885464422
51059421701,0.13050410292602707,0.00320097885464422
51059421702,0.13050410292602707,0.00320097885464422
51059421800,0.09328984459040363,0.00240348484211429
51059421900,0.37353371259602175,0.016359762051951734
51059422000,0.35117911449593037,0.016359762051951734
51059422101,0.3590068533133861,0.014892314092104513
51059422102,0.4114744582589972,0.014705721967354984
51059422201,0.9837013301787995,0.01271959017784132
51059422202,0.4897857392304765,0.013549482103720275
51059422301,0.36843936639871083,0.019940419966562387
51059422302,0.36884317386974624,0.017910041924686308
51059422401,0.38450695570250926,0.017763836114242884
51059422402,0.3871017214150793,0.017763836114242884
51059422403,0.36884317386974624,0.017910041924686308
51059430101,1.5749513063293705,0.0594209016196413
51059430102,1.678793636947142,0.059316962047384
51059430201,1.7840126955771316,0.059316962047384
51059430202,1.6343981193762525,0.060325776639670065
51059430203,1.4159736875288202,0.061729850701961214
51059430400,0.7529649594136311,0.04534541434293746
51059430500,0.785474397765097,0.04529957749672342
51059430600,0.30431341040512105,0.01885027657168045
51059430700,0.3486769502940892,0.018007701850402444
51059430801,0.9018842140608685,0.04319913452359769
51059430802,0.9018842140608685,0.04319913452359769
51059430901,0.9817427741893656,0.04173168656375047
51059430902,0.8801692938560469,0.04189909390000117
51059431001,0.9206022893767746,0.041777523409964504
51059431002,0.9745838775892737,0.04173168656375047
51059431300,0.9745838775892737,0.04173168656375047
51059431400,0.9018842140608685,0.04319913452359769
51059431500,0.338986506650222,0.016603627788111294
51059431600,0.3486769502940892,0.018007701850402444
51059431801,0.8356554235092729,0.04345756362575744
51059431802,1.2374530583308874,0.06400103208326267
51059431900,0.8630829356314932,0.04330316796229232
51059432000,1.6532657505491555,0.05924703752934584
51059432100,1.6653413127632075,0.05924703752934584
51059432201,1.7689034697663024,0.05924703752934584
51059432202,1.0128649157146608,0.0408157399705239
51059432300,0.8958413782894454,0.0408157399705239
51059432401,1.0128649157146608,0.0408157399705239
51059432402,0.9745838775892737,0.04173168656375047
51059432500,1.0806610692988516,0.040769903124309864
51059432600,1.0302048681813958,0.041509742797519365
51059432701,0.3733889410554625,0.01638168402188019
51059432702,0.33606732450184207,0.014914236062032968
51059432800,0.35117911449593037,0.016359762051951734
51059440100,0.8098946852069564,0.04403236204655535
51059440201,0.6801015160047555,0.05125110341197539
51059440202,0.8147371905627854,0.04403236204655535
51059440300,0.7657126980839201,0.045499810006402575
51059440501,1.0776787505691874,0.041754630044771805
51059440502,1.2061484215432308,0.06263752369567274
51059440600,1.4874706579451942,0.0612383931758056
51059440701,0.7335882455030667,0.045499810006402575
51059440702,0.7335882455030667,0.045499810006402575
51059440800,0.7335882455030667,0.045499810006402575
51059450100,0.7677191890614358,0.04934015553236049
51059450200,0.7677191890614358,0.04934015553236049
51059450300,0.8048594292242455,0.04897096515170005
51059450400,0.7996552865496325,0.050392576265333236
51059450500,0.842765204516948,0.04892512830548601
51059450601,0.8724000899521942,0.048778922495042586
51059450602,0.7825527156116758,0.04905553592737773
51059450701,0.8375169270491726,0.05017627668705928
51059450702,0.8077584189114165,0.04724048546590506
51059450800,0.7956441170721354,0.050392576265333236
51059450900,0.7996552865496325,0.050392576265333236
51059451000,0.7956441170721354,0.050392576265333236
51059451100,0.7956441170721354,0.050392576265333236
51059451200,0.3861307508762725,0.023797069529846837
51059451300,0.3861307508762725,0.023797069529846837
51059451400,0.818011104635633,0.05163536743452733
51059451501,0.42224345041691924,0.02503986069904094
51059451502,0.38411515411554614,0.023797069529846837
51059451601,0.36876154754965806,0.023797069529846837
51059451602,0.3861307508762725,0.023797069529846837
51059451800,0.36876154754965806,0.023797069529846837
51059451900,0.7650353918517442,0.050392576265333236
51059452000,0.7392415321300727,0.047456785044179016
51059452101,0.7550120807746816,0.045445783307166844
51059452102,0.764996003278337,0.04723229561288337
51059452200,0.8227191144319486,0.04529957749672342
51059452301,0.7657126980839201,0.045499810006402575
51059452302,0.7991332025692441,0.04545397316018854
51059452400,0.7550120807746816,0.045445783307166844
51059452501,0.7357999519295253,0.047456785044179016
51059452502,0.33646002607992187,0.020695620570057426
51059452600,0.3413456291949598,0.020286479887894702
51059452700,0.38411515411554614,0.023797069529846837
51059452801,0.3888416422429776,0.023222271109048922
51059452802,0.38070170511328566,0.023631411791211646
51059460100,0.31773164996783,0.016823904120374114
51059460200,0.34385752050518764,0.01663873943632887
51059460300,0.7573687717599075,0.043834438082734996
51059460400,0.7046691147293284,0.04453626102005323
51059460501,0.7195844746059575,0.04948305397821962
51059460502,0.7468908632549148,0.04948305397821962
51059460600,0.7468908632549148,0.04948305397821962
51059460701,0.6769522950235254,0.04453626102005323
51059460702,0.678962758338282,0.04460608590784067
51059460800,0.7347524782356781,0.04453626102005323
51059460900,0.7323948299657084,0.04747205224120745
51059461000,0.6513333367278993,0.04453626102005323
51059461100,0.7616310058253648,0.04339532318403639
51059461201,0.8242541177713032,0.0432800830180293
51059461202,1.3049568458084702,0.06181319159660351
51059461500,0.709678691201073,0.04420622613685081
51059461601,1.144570567991093,0.06773881194755499
51059461602,0.7300346070622109,0.04963744964168474
51059461700,0.7631939296252093,0.04921314926870432
51059461801,0.709678691201073,0.04420622613685081
51059461802,1.1773667330747004,0.06273933471542502
51059461901,1.213314278699516,0.06270744821371091
51059461902,1.1773667330747004,0.06273933471542502
51059470100,0.45627494859346623,0.02125964905600685
51059470300,0.5077692824096339,0.023448144411601035
51059470400,0.43429523327456954,0.021433513146302312
51059470500,0.42193139721059564,0.021548753312309397
51059470600,0.3802786095680451,0.02261976663028808
51059470700,0.5026049701924659,0.023475802691453072
51059470800,0.3690439418467914,0.022841710396519187
51059470900,0.43809838015314306,0.024408402214892416
51059471000,0.39723725363158285,0.02261976663028808
51059471100,0.3690439418467914,0.022841710396519187
51059471201,0.3690439418467914,0.022841710396519187
51059471202,0.3690439418467914,0.022841710396519187
51059471301,0.7468908632549148,0.04948305397821962
51059471303,0.7225582026759844,0.04962925978866305
51059471304,0.8052641259239605,0.049263353041710124
51059471401,0.7677191890614358,0.04934015553236049
51059471402,0.8185188804260608,0.04910937894623939
51059480100,0.10204834122101919,0.002485782574218454
51059480201,0.38708702955611146,0.021917943692969843
51059480202,0.7195844746059575,0.04948305397821962
51059480203,0.7195844746059575,0.04948305397821962
51059480300,0.3295985357806741,0.01660196035414301
51059480401,0.32502142125233197,0.01678032967707918
51059480402,0.03313898982385886,0.0006725678297645805
51059480501,0.04751517464906154,0.001573311507469443
51059480502,0.032330528719292796,0.0008923660680392615
51059480503,0.032330528719292796,0.0008923660680392615
51059480504,0.34309132168863005,0.014292901685310763
51059480505,0.32460308659739356,0.014414472175347429
51059480801,0.3630901228958354,0.01397099648676079
51059480802,0.37692275542510123,0.013718103264512848
51059480901,0.3371163472882965,0.01397099648676079
51059480902,0.3134503120061363,0.014591631753772745
51059480903,0.3429165457502405,0.014136654225395982
51059481000,0.3371163472882965,0.01397099648676079
51059481101,0.2999316840752804,0.014136654225395982
51059481102,0.28363620403910184,0.01418249107161002
51059481103,0.28363620403910184,0.01418249107161002
51059481104,0.2964201220352673,0.01401683333297483
51059481105,0.29029973488129984,0.013929597849362077
51059481106,0.9499483610784377,0.040525104584848474
51059481201,0.28687979541795405,0.01586438308385262
51059481202,0.2800056345902135,0.01682616652329322
51059481400,0.32595125962089866,0.01682616652329322
51059481500,0.3055331021203837,0.014460309021561467
51059481600,0.8449532597450599,0.042318299578588695
51059481701,0.9503190167591091,0.040383514344098155
51059481702,0.9409514059503002,0.04181947490810342
51059481900,0.04766503422307439,0.0012097775004880254
51059482001,0.32502142125233197,0.01678032967707918
51059482002,0.32460308659739356,0.014414472175347429
51059482100,0.34350846330303864,0.01678032967707918
51059482201,0.34350846330303864,0.01678032967707918
51059482202,0.30930499038834613,0.01682616652329322
51059482203,0.30930499038834613,0.01682616652329322
51059482301,0.32595125962089866,0.01682616652329322
51059482302,0.32595125962089866,0.01682616652329322
51059482303,0.8297676741549936,0.04364361702501072
51059482400,0.8297676741549936,0.04364361702501072
51059482501,0.2964201220352673,0.01401683333297483
51059482502,0.9454380180730292,0.04035944684621329
51059482503,0.3250554133647218,0.013763940110726887
51059482504,1.0062121937974011,0.04035944684621329
51059482601,0.9514444701186928,0.04058139061244439
51059482602,0.8435695577895311,0.04201735117644965
51059490101,0.3189523348315467,0.013489036518171363
51059490103,0.28578939187589136,0.013763940110726887
51059490501,0.8153636103446924,0.0406132771141585
51059490502,0.9607416146749966,0.040249743107177084
51059491000,0.39372206510967134,0.013067360102911539
51059491101,0.39372206510967134,0.013067360102911539
51059491102,0.3189523348315467,0.013489036518171363
51059491103,0.8915870806213865,0.04035944684621329
51059491201,0.8915870806213865,0.04035944684621329
51059491202,0.8153636103446924,0.0406132771141585
51059491301,0.39372206510967134,0.013067360102911539
51059491302,0.9398022217080371,0.039995912839231866
51059491303,0.8153636103446924,0.0406132771141585
51059491401,0.8153636103446924,0.0406132771141585
51059491402,0.8915870806213865,0.04035944684621329
51059491403,0.9398022217080371,0.039995912839231866
51059491404,1.0002141199778476,0.039995912839231866
51059491405,1.345921527870065,0.03972100924667635
51059491501,0.8153636103446924,0.0406132771141585
51059491502,1.0062121937974011,0.04035944684621329
51059491601,1.0062121937974011,0.04035944684621329
51059491602,0.9514444701186928,0.04058139061244439
51059491701,0.7188815780202182,0.043100705105926916
51059491702,0.6726667811454556,0.04367550352672483
51059491703,1.3552362075832503,0.06140405091444079
51059491704,0.8855904946689152,0.041653817169468234
51059491705,0.9398022217080371,0.039995912839231866
51059491801,0.854722119940066,0.040249743107177084
51059491802,0.8972514128588405,0.04058139061244439
51059491803,0.8894905242282153,0.04201735117644965
51059492000,0.9518243915946645,0.040249743107177084
51059492100,1.0818647417921468,0.04074581545248574
51059492201,1.475105706157957,0.04014498883920667
51059492202,1.8017791803237482,0.039443165901888434
51059492203,1.475105706157957,0.04014498883920667
51059492300,1.0291574458714081,0.04140237828689971
51059492400,0.4077066938216396,0.013677549030036842
51059492500,1.4756181988880832,0.03966286683839794
51059980100,0.36271146577040125,0.01778575808417134
51059980200,0.43761350103809676,0.013385057263678918
51059980300,0.45627494859346623,0.02125964905600685
51061930100,0.06835373913699416,0.0
51061930203,0.010600930525043814,0.0
51061930204,0.00022375864171456873,0.0
51061930205,0.00022375864171456873,0.0
51061930206,0.00016781898128592654,0.0
51061930207,0.05406166871351289,0.0
51061930302,0.04449034911355451,0.0
51061930303,0.01620676419246236,0.0
51061930304,0.01620676419246236,0.0
51061930401,0.01781418831005901,0.0
51061930402,0.01620676419246236,0.0
51061930403,0.05406166871351289,0.0
51061930703,0.02452040857439457,0.0
51061930704,0.008285348845655474,0.0
51061930705,0.008285348845655474,0.0
51061930706,0.012260204287197285,0.0
51061930707,0.009942418614786569,0.0
51063920101,0.16949090379997314,0.0
51063920102,0.14454326137617624,0.0
51063920200,0.13741676437654568,0.0
51065020101,0.04259194695383005,0.0
51065020102,1.4240021202057422,0.010353338915399425
51065020200,0.15864214601761586,0.0
51065020300,0.15864214601761586,0.0
51067020101,0.032838069028192404,0.0
51067020102,0.030586931807537503,0.0
51067020200,0.032838069028192404,0.0
51067020300,0.032838069028192404,0.0
51067020400,0.032838069028192404,0.0
51067020500,0.032838069028192404,0.0
51067020600,1.2688107831096551,0.0621562859700729
51067020700,1.1344130819885736,0.0621562859700729
51067020800,1.0286233368063837,0.0621562859700729
51067020900,0.07569609785597375,0.0
51069050100,0.6605892191345355,0.03088579572448624
51069050200,0.6605892191345355,0.03088579572448624
51069050300,0.04173244617503155,0.0
51069050400,0.04173244617503155,0.0
51069050500,0.6605892191345355,0.03088579572448624
51069050600,0.6605892191345355,0.03088579572448624
51069050700,0.6605892191345355,0.03088579572448624
51069050801,0.6605892191345355,0.03088579572448624
51069050802,0.6605892191345355,0.03088579572448624
51069050803,0.6605892191345355,0.03088579572448624
51069050900,0.916224513575335,0.04542028783012682
51069051000,0.916224513575335,0.04542028783012682
51069051101,0.6605892191345355,0.03088579572448624
51069051102,0.6605892191345355,0.03088579572448624
51071930100,1.2072389770734966,0.05065849362580379
51071930200,0.192939605285973,0.0
51071930300,0.1380079402263268,0.0
51071930400,0.0,0.0
51073100100,0.04337874950420125,0.0
51073100201,0.04337874950420125,0.0
51073100202,0.05015113546083259,0.0
51073100203,0.04337874950420125,0.0
51073100301,0.030353099007018106,0.0
51073100302,0.05015113546083259,0.0
51073100400,0.05015113546083259,0.0
51073100500,0.05015113546083259,0.0
51075400100,0.10148485427093111,0.003792446673428382
51075400200,0.05234767540156096,0.000841017248417645
51075400300,0.05027124397955625,0.0002576735489914627
51075400400,0.05468351385853316,0.0
51075400500,0.0243382554021886,0.0
51077060101,0.0,0.0
51077060102,0.0,0.0
51077060201,0.0,0.0
51077060202,0.0,0.0
51077060300,0.0,0.0
51079030101,0.3657672479376346,0.0
51079030102,0.3657672479376346,0.0
51079030200,1.3386880143474613,0.010353338915399425
51081880101,0.359508128014255,0.0
51081880102,0.359508128014255,0.0
51081880200,0.359508128014255,0.0
51083930100,0.0,0.0
51083930201,1.6707628529077996,0.0
51083930202,0.020289391577931738,0.0
51083930301,0.020289391577931738,0.0
51083930302,0.020289391577931738,0.0
51083930400,0.020289391577931738,0.0
51083930500,0.0,0.0
51083930600,0.0,0.0
51083930800,0.020289391577931738,0.0
51085320100,0.20575753325812265,0.0023339395969223234
51085320200,0.13842433468052454,0.00263618487926691
51085320300,0.1522965711208677,0.0061263862703507055
51085320400,0.5129163200411687,0.026312638351377884
51085320500,0.4037537104587611,0.011264597762240931
51085320601,0.7088485418536925,0.026570794322430525
51085320602,0.7088485418536925,0.026570794322430525
51085320701,0.7088485418536925,0.026570794322430525
51085320702,0.1785650263041922,0.0032589276809920184
51085320801,0.652992528920215,0.02924325212960928
51085320803,0.5091999164862699,0.020968375376884677
51085320804,0.5895986334340675,0.025848430897722263
51085320805,0.5849360905413794,0.026245962691684194
51085320900,0.5038706028192641,0.021365907170846608
51085321001,1.2137608774139952,0.05177738682656598
51085321002,0.5020534697643758,0.018295917569705923
51085321100,1.0845347868582387,0.05177738682656598
51085321201,1.1454994003475336,0.049272688974270284
51085321202,1.2174960793562437,0.049272688974270284
51085321300,0.5429357871512623,0.018251345836352798
51085321401,0.11239534599609537,0.0011502114963601135
51085321402,0.9105662367925986,0.015088280736618737
51085321403,0.08597692612039139,0.00027330310834882684
51087200104,0.8445982478743272,0.05808607924604233
51087200105,0.8219515686027022,0.05808607924604233
51087200106,0.8309333685715022,0.05604550559109603
51087200107,0.3887716123701938,0.023996878356176303
51087200108,0.45204895255274596,0.023764286789143243
51087200109,1.0104279418249305,0.05671847930426989
51087200112,0.41853456887569085,0.024203916290735372
51087200116,0.4051576610147076,0.026705615842540754
51087200119,0.4186325685644136,0.027277067796361028
51087200120,0.43922721998834746,0.026537855887657693
51087200121,0.42486434233543274,0.026705615842540754
51087200122,0.3521880781358217,0.018966820781389827
51087200123,0.41853456887569085,0.024203916290735372
51087200124,0.43172725782017124,0.023764286789143243
51087200125,0.8004876511229961,0.05808607924604233
51087200126,0.8219515686027022,0.05808607924604233
51087200127,0.4209618546389245,0.026705615842540754
51087200128,0.40299453216063574,0.027277067796361028
51087200129,0.3564328300792248,0.021872212332132424
51087200130,0.37139392404302546,0.021235928766162152
51087200201,0.9141043544405064,0.06135447823266666
51087200202,0.9372219010447949,0.06128964662051666
51087200301,1.3430047097057285,0.08167990445638461
51087200302,0.9372219010447949,0.06128964662051666
51087200303,0.931283975339145,0.06172927612210879
51087200305,0.8336809997079127,0.057711281356600204
51087200404,0.914932194871079,0.057646449744450205
51087200406,0.5411639868549196,0.031717493815606485
51087200407,0.8219515686027022,0.05808607924604233
51087200409,0.8336809997079127,0.057711281356600204
51087200410,0.8802913398437494,0.057646449744450205
51087200411,0.8336809997079127,0.057711281356600204
51087200412,0.8219515686027022,0.05808607924604233
51087200413,0.45968356088131523,0.026837438294768902
51087200414,0.4503482279846322,0.02710930784147797
51087200501,0.8288350779830054,0.05776315232176016
51087200502,0.8288350779830054,0.05776315232176016
51087200503,0.8998215746042084,0.058043981538412136
51087200600,0.8773860390441586,0.05816068411572209
51087200700,0.9436604293947072,0.06419954016908432
51087200801,0.9623686014461585,0.06292403705924972
51087200802,0.9383295177467832,0.06304073963655966
51087200804,0.9231609291653987,0.052526056812414616
51087200805,0.9604886683527162,0.0589219528542848
51087200903,0.8935412015154158,0.057686941549904176
51087200904,0.8935412015154158,0.057686941549904176
51087200905,0.8977076547215005,0.057686941549904176
51087200906,1.0002749484754903,0.06292403705924972
51087201001,1.0309633555436402,0.05177738682656598
51087201002,1.0014750496541107,0.053052889936400574
51087201003,1.0309633555436402,0.05177738682656598
51087201101,1.2183314950990887,0.04887199527582338
51087201102,1.2183314950990887,0.04887199527582338
51087201201,1.4216276642614607,0.04636729742352769
51087201202,1.5323983599012965,0.046109623874536224
51087201401,1.2183314950990887,0.04887199527582338
51087201403,0.8954438505692502,0.015088280736618737
51087201404,0.8954438505692502,0.015088280736618737
51087201501,1.309340048372309,0.04887199527582338
51087201502,0.7635621703624533,0.01481497762826991
51087201601,0.07853285834415114,0.0
51087201602,1.2730812582470472,0.013938069240258625
51087201701,1.6709596765424601,0.0460650521411831
51087980100,0.7635537226619777,0.016754056502122913
51089010100,0.03875829367061241,0.0
51089010200,0.03875829367061241,0.0
51089010300,0.03875829367061241,0.0
51089010400,0.020289391577931738,0.0
51089010500,0.020289391577931738,0.0
51089010601,0.03875829367061241,0.0
51089010602,0.03875829367061241,0.0
51089010700,0.020289391577931738,0.0
51089010800,0.03875829367061241,0.0
51089010900,0.020289391577931738,0.0
51089011000,0.03875829367061241,0.0
51089011100,0.03875829367061241,0.0
51089011200,0.03875829367061241,0.0
51089011300,0.026467915715695192,0.0
51091970100,0.039803539253827326,0.0
51093280101,0.08601251744765265,0.0
51093280103,0.4463012032773371,0.017638431752126156
51093280104,0.0755349616899907,0.0
51093280105,0.07501522902233719,0.00024041580898765612
51093280106,0.060282572107547006,0.00038940645250123973
51093280200,0.08601251744765265,0.0
51093280300,0.07594013096446463,0.0
51093280400,0.15431996709457765,0.0
51095080101,1.055742166933527,0.08067309421911348
51095080102,0.7450361006890137,0.08106250067161472
51095080202,3.1682907076184796,0.11217965611457562
51095080203,2.122660783316301,0.07628216615791142
51095080205,3.1682907076184796,0.11217965611457562
51095080206,2.122660783316301,0.07628216615791142
51095080301,0.8990385068354584,0.024679524345206635
51095080303,2.122660783316301,0.07628216615791142
51095080304,2.122660783316301,0.07628216615791142
51095080401,0.7525457179053169,0.024679524345206635
51095080402,0.7525457179053169,0.024679524345206635
51097950400,0.11927315643914806,0.0
51097950500,0.23213985530261222,0.0
51099040100,0.02452040857439457,0.0
51099040200,0.02452040857439457,0.0
51099040300,0.02452040857439457,0.0
51099040400,0.02452040857439457,0.0
51099040500,0.02452040857439457,0.0
51101950101,0.05924047334674425,0.0
51101950102,0.060809142399344485,0.0
51101950200,0.14188506173720952,0.0
51101950300,0.08867816358575598,0.0
51103030100,0.0,0.0
51103030200,0.0,0.0
51103030300,0.0,0.0
51103990100,,
51105950100,0.07236741587282083,0.0
51105950200,0.07236741587282083,0.0
51105950300,0.07236741587282083,0.0
51105950400,0.0,0.0
51105950500,0.0,0.0
51105950600,0.0,0.0
51107610101,0.05989318909938013,0.00093039639861963
51107610102,0.05989318909938013,0.00093039639861963
51107610201,0.13525734468459108,0.0042290745391801365
51107610202,0.11212960075909993,0.002875770686642493
51107610300,0.02687040048055614,0.00093039639861963
51107610400,0.06750078008271784,0.0030496347769379535
51107610503,0.031854876116229135,0.0011042604889150906
51107610504,0.056861287401511924,0.0030496347769379535
51107610505,0.056861287401511924,0.0030496347769379535
51107610506,0.039599536915187486,0.001467794495896508
51107610507,0.031854876116229135,0.0011042604889150906
51107610601,0.056861287401511924,0.0030496347769379535
51107610602,0.03822585133947495,0.0011042604889150906
51107610603,0.056861287401511924,0.0030496347769379535
51107610604,0.04063410592403213,0.001467794495896508
51107610701,0.1026949582715999,0.002875770686642493
51107610702,0.14404256571275287,0.0042290745391801365
51107610703,0.06750078008271784,0.0030496347769379535
51107610800,0.05837678511762539,0.00093039639861963
51107610900,0.04122917440734552,0.0
51107611002,0.035155144444347135,0.001467794495896508
51107611004,0.03891084931666249,0.001467794495896508
51107611005,0.03891084931666249,0.001467794495896508
51107611006,0.038775245486533716,0.000869518933654694
51107611009,0.039599536915187486,0.001467794495896508
51107611010,0.039599536915187486,0.001467794495896508
51107611011,0.035155144444347135,0.001467794495896508
51107611012,0.039599536915187486,0.001467794495896508
51107611013,0.039599536915187486,0.001467794495896508
51107611014,0.035155144444347135,0.001467794495896508
51107611015,0.03832593247830032,0.0017426980884520324
51107611016,0.035155144444347135,0.001467794495896508
51107611017,0.03446348437267947,0.0015470221100263816
51107611018,0.040924817142783274,0.002075655688906834
51107611019,0.03891084931666249,0.001467794495896508
51107611020,0.03751834168760407,0.001145259290287204
51107611021,0.04355591677468911,0.002075655688906834
51107611022,0.04942428266149754,0.001995591310699975
51107611023,0.03769678581564358,0.0015470221100263816
51107611024,0.04592849516116318,0.001467794495896508
51107611025,0.028610939995823,0.0005593200672053316
51107611101,0.03357908615044555,0.0008123016898324023
51107611102,0.03240412446766107,0.0008704440981108081
51107611202,0.03511409662735525,0.0008704440981108081
51107611204,0.03511409662735525,0.0008704440981108081
51107611205,0.032330528719292796,0.0008923660680392615
51107611206,0.03511409662735525,0.0008704440981108081
51107611207,0.03240412446766107,0.0008704440981108081
51107611208,0.03511409662735525,0.0008704440981108081
51107611209,0.032330528719292796,0.0008923660680392615
51107611300,0.032330528719292796,0.0008923660680392615
51107611400,0.040150134008267974,0.001145259290287204
51107611501,0.03682563600592951,0.001800840496730438
51107611502,0.03751834168760407,0.001145259290287204
51107611601,0.03206083214989354,0.001145259290287204
51107611602,0.04591345605151876,0.001065194912080345
51107611700,0.03679845324754787,0.001145259290287204
51107611801,0.480836160734905,0.013278910245046651
51107611802,0.480836160734905,0.013278910245046651
51107611803,0.480836160734905,0.013278910245046651
51107611804,0.43761350103809676,0.013385057263678918
51107611805,0.4739203095899797,0.0130215232566975
51107611806,0.01840802412683423,0.00019578606022391398
51107611900,0.028610939995823,0.0005593200672053316
51107980100,0.02721658908124906,0.00017386409029546054
51109950100,0.013559010634185123,0.0
51109950201,0.04057336444270759,0.0
51109950202,0.04178300054357638,0.0
51109950300,0.15864214601761586,0.0
51109950400,0.028616778676101733,0.0
51109950500,0.05924047334674425,0.0
51111930100,0.19699555473754682,0.0
51111930200,0.0880713146764509,0.0
51111930300,0.0,0.0
51113930100,0.15864214601761586,0.0
51113930200,0.15864214601761586,0.0
51115951300,0.0,0.0
51115951400,0.0,0.0
51115990100,,
51117930101,0.0,0.0
51117930102,0.0,0.0
51117930200,0.0,0.0
51117930300,0.0,0.0
51117930400,0.0880713146764509,0.0
51117930500,0.0,0.0
51117930600,0.0,0.0
51117930700,0.0,0.0
51117930800,0.0,0.0
51119950900,0.0,0.0
51119951000,0.18613192533123257,0.0
51119951100,0.0,0.0
51119951200,0.0,0.0
51119990100,,
51121020100,3.012841081915077,0.2709304500413738
51121020201,3.3547664333858753,0.25977303224486814
51121020202,2.098282877388195,0.20840278620034666
51121020300,2.295799010621732,0.197245368403841
51121020400,3.3269715508044984,0.2191084623207843
51121020500,2.80611247621424,0.14054201039728031
51121020600,3.3269715508044984,0.2191084623207843
51121020700,3.012841081915077,0.2709304500413738
51121020800,3.0532037972828245,0.28227128733601625
51121020900,1.3193944936025617,0.1073618516323645
51121021000,2.290181155424906,0.19238777056453973
51121021100,2.7624782085207853,0.2934287051325219
51121021200,3.141408763377294,0.28227128733601625
51121021300,2.112136270016245,0.1565807984797572
51121021400,0.21702122758668735,0.007670724735097636
51121021500,1.5604806865974958,0.09132306354988762
51125950100,0.526674580683586,0.0
51125950200,0.0757000741613095,0.0
51125950300,0.588013319794581,0.0
51127700100,0.07853285834415114,0.0
51127700200,0.07391327844155401,0.0
51127700300,0.527264408391268,0.024679524345206635
51131930100,0.0,0.0
51131930200,0.0,0.0
51131930300,0.05727388284638201,0.0
51131990100,0.024317814501192008,0.0
51133020100,0.0,0.0
51133020200,0.0,0.0
51133020300,0.0,0.0
51133990100,,
51135000100,0.2511664124964496,0.0
51135000200,0.2511664124964496,0.0
51135000300,2.4795676959896324,0.0572860580724491
51135980100,0.33271396140644893,0.0
51137110102,0.02452040857439457,0.0
51137110103,0.02452040857439457,0.0
51137110104,0.02452040857439457,0.0
51137110200,0.1038414815832025,0.0
51137110300,0.15864214601761586,0.0
51139030100,0.0,0.0
51139030200,0.3104711669532742,0.0
51139030300,0.3104711669532742,0.0
51139030400,0.3104711669532742,0.0
51139030500,0.3104711669532742,0.0
51141030100,0.07569609785597375,0.0
51141030200,0.0,0.0
51141030301,0.0,0.0
51141030302,0.0,0.0
51143010100,1.6707628529077996,0.0
51143010200,0.5037524168569509,0.0
51143010300,0.020289391577931738,0.0
51143010400,0.020289391577931738,0.0
51143010500,0.020289391577931738,0.0
51143010600,1.1245686901325007,0.0
51143010700,0.020289391577931738,0.0
51143010801,0.3400888493062844,0.017938635216113358
51143010802,0.1821214434495301,0.005803676099330792
51143010900,0.1821214434495301,0.005803676099330792
51143011001,0.1821214434495301,0.005803676099330792
51143011002,0.020289391577931738,0.0
51143011100,0.1821214434495301,0.005803676099330792
51143011200,0.46472368328500785,0.026380345906049048
51143011300,0.3400888493062844,0.017938635216113358
51143011400,0.3400888493062844,0.017938635216113358
51145500101,0.03234799411349847,0.0
51145500102,0.030406535545335102,0.0
51145500200,0.012724433107243381,0.0
51145500300,0.05077754858292363,0.0
51145500400,0.0754240930568496,0.0
51147930100,3.302020727029356,0.22008104303570036
51147930201,4.5552582536339274,0.30340621841380816
51147930202,3.2449842025430904,0.190982629999933
51147930203,4.669884972164852,0.30340621841380816
51147930300,1.919070243813492,0.10030110342967043
51149850100,3.53404058266638,0.13287128566218268
51149850200,3.3066486568206703,0.13287128566218268
51149850301,1.5595391189641412,0.04298776889070616
51149850302,1.2916489777039708,0.04298776889070616
51149850400,0.09808905681878556,0.0
51149850501,2.109263297442669,0.04298776889070616
51149850502,3.9451280470475814,0.13287128566218268
51153900100,0.6167635034310016,0.013421413115159556
51153900201,0.3818173689370758,0.013677549030036842
51153900202,0.5583261241121626,0.013421413115159556
51153900203,0.5583261241121626,0.013421413115159556
51153900300,0.5583261241121626,0.013421413115159556
51153900403,0.6366507688263898,0.013421413115159556
51153900404,0.01510053995304432,0.0
51153900407,0.01510053995304432,0.0
51153900408,0.01829529452703113,0.0
51153900409,0.01510053995304432,0.0
51153900410,0.01829529452703113,0.0
51153900501,0.5670727474664002,0.013421413115159556
51153900502,0.5583261241121626,0.013421413115159556
51153900600,0.5583261241121626,0.013421413115159556
51153900701,0.015478954438741137,0.0
51153900702,0.01829529452703113,0.0
51153900801,0.01829529452703113,0.0
51153900802,0.01874306913749389,0.0
51153900901,0.014799046000758783,0.0
51153900904,0.01874306913749389,0.0
51153900905,0.024585760851469584,0.0
51153901001,0.024585760851469584,0.0
51153901005,0.017768991533787776,0.0
51153901008,0.01829529452703113,0.0
51153901009,0.01829529452703113,0.0
51153901010,0.017768991533787776,0.0
51153901011,0.01829529452703113,0.0
51153901012,0.01829529452703113,0.0
51153901100,0.03491558075813101,0.0
51153901203,0.01510053995304432,0.0
51153901208,0.5583261241121626,0.013421413115159556
51153901209,0.7033967621541538,0.01271959017784132
51153901211,0.01510053995304432,0.0
51153901212,0.012636496658222186,0.0
51153901219,0.012179684337713685,0.0
51153901221,0.7033967621541538,0.01271959017784132
51153901222,0.017768991533787776,0.0
51153901223,0.7033967621541538,0.01271959017784132
51153901224,0.01510053995304432,0.0
51153901225,0.01510053995304432,0.0
51153901226,0.017768991533787776,0.0
51153901227,0.017768991533787776,0.0
51153901228,0.017768991533787776,0.0
51153901229,0.017768991533787776,0.0
51153901230,0.014452773058122642,0.0
51153901231,0.5165417760096671,0.012741512147769772
51153901232,0.013183418037380984,2.1921969928453444e-05
51153901233,0.012179684337713685,0.0
51153901234,0.0216457697301582,0.0
51153901235,0.017768991533787776,0.0
51153901236,0.017768991533787776,0.0
51153901237,0.01510053995304432,0.0
51153901303,0.010095325130344033,2.1921969928453444e-05
51153901304,0.011434542703416041,2.1921969928453444e-05
51153901305,0.016695302759671068,0.0
51153901306,0.01438864539064345,0.0
51153901403,0.3965407776670539,0.012741512147769772
51153901407,0.3722921948982698,0.012961213084279272
51153901408,0.346065347869092,0.013067360102911539
51153901409,0.009479666181206776,2.1921969928453444e-05
51153901410,0.010959514690653965,2.1921969928453444e-05
51153901411,0.010959514690653965,2.1921969928453444e-05
51153901412,0.010959514690653965,2.1921969928453444e-05
51153901413,0.010959514690653965,2.1921969928453444e-05
51153901414,0.01781418831005901,0.0
51153901415,0.010959514690653965,2.1921969928453444e-05
51153901416,0.011415555067548974,0.0
51153901417,0.016507019989127996,0.0
51153901503,0.010959514690653965,2.1921969928453444e-05
51153901504,0.010959514690653965,2.1921969928453444e-05
51153901505,0.010959514690653965,2.1921969928453444e-05
51153901506,0.010959514690653965,2.1921969928453444e-05
51153901507,0.010959514690653965,2.1921969928453444e-05
51153901508,0.010959514690653965,2.1921969928453444e-05
51153901509,0.01781418831005901,0.0
51153901510,0.011646061467951406,0.0
51153901511,0.011646061467951406,0.0
51153901601,0.37010011271163423,0.012915376238065233
51153901602,0.346065347869092,0.013067360102911539
51153901701,0.4267645651524601,0.012741512147769772
51153901702,0.3577295290897039,0.013067360102911539
51153901900,0.33249555391809577,0.013125502511189945
51153980100,0.00013425518502874122,0.0
51155210100,5.1069801997617725,0.12569048885625905
51155210201,2.441295041614842,0.040664569924083814
51155210202,2.441295041614842,0.040664569924083814
51155210300,0.35773460046491173,0.0
51155210400,2.441295041614842,0.040664569924083814
51155210500,0.35773460046491173,0.0
51155210600,2.6526996804954646,0.1333612135913567
51155210700,4.640957994409674,0.12569048885625905
51155980100,2.441295041614842,0.040664569924083814
51155980200,2.441295041614842,0.040664569924083814
51157950100,0.0,0.0
51157950200,0.0,0.0
51159040100,0.0,0.0
51159040200,0.0,0.0
51161030100,0.18954541388832066,0.0059114122789690055
51161030201,0.39462201043899053,0.020235861291805417
51161030203,0.3494945110637078,0.0199133074484539
51161030204,0.34635941472926807,0.0199133074484539
51161030205,0.3493771639900687,0.0199133074484539
51161030300,0.4040658590696519,0.015911738053716276
51161030500,0.2765326955723913,0.0047827645009660864
51161030600,0.29329121486608856,0.0047827645009660864
51161030701,0.3997065092421831,0.015911738053716276
51161030702,0.35680989981608924,0.018271637953176927
51161030801,0.35680989981608924,0.018271637953176927
51161030802,0.35680989981608924,0.018271637953176927
51161030900,0.1952554038246703,0.0059114122789690055
51161031000,0.19866248096236783,0.008271312178429656
51161031101,0.23205664815043162,0.011094883227708111
51161031102,0.23205664815043162,0.011094883227708111
51161031201,0.19866248096236783,0.008271312178429656
51161031202,0.2010512821142959,0.008271312178429656
51163930100,1.7997879033533188,0.06801791498973397
51163930200,1.5880881074965483,0.02438288841729029
51163930300,3.87434517772581,0.20888383481554476
51163930400,1.3527978173321809,0.06937127196063972
51165010100,0.17627016932541859,0.0
51165010200,0.17627016932541859,0.0
51165010300,0.18067717515236928,0.0
51165010400,4.126278884290992,0.197345008981481
51165010500,4.126278884290992,0.197345008981481
51165010600,3.8515371982522937,0.20405212362310265
51165010700,2.5125988421033005,0.06201014259562733
51165010800,2.5125988421033005,0.06201014259562733
51165010900,0.41055576467588645,0.004611141316114877
51165011000,0.22763505378521662,0.0
51165011100,0.22763505378521662,0.0
51165011200,0.22763505378521662,0.0
51165011400,3.7419743765053437,0.2092157177627547
51165011500,3.6046187326312658,0.21747360213233638
51165011600,3.480561542368649,0.2150665217898883
51165011700,4.19037054216115,0.19957424046542357
51165011800,4.756203796757034,0.18770353168414988
51165011900,0.22763505378521662,0.0
51165012000,0.18067717515236928,0.0
51167030100,0.015836289556430475,0.0
51167030200,0.07236741587282083,0.0
51167030300,0.06344155426877306,0.0
51167030401,0.05451569266472529,0.0
51167030402,0.04786121034748081,0.0
51167030500,0.004928828730761631,0.0
51167030600,0.06344155426877306,0.0
51169030100,0.07236741587282083,0.0
51169030200,0.07236741587282083,0.0
51169030300,0.0,0.0
51169030400,0.0,0.0
51169030500,0.0,0.0
51169030600,0.07236741587282083,0.0
51171040100,0.39447510782816003,0.0099924633226279
51171040201,0.3104711669532742,0.0
51171040202,0.04173244617503155,0.0
51171040300,0.22089159336052666,0.0
51171040400,0.0,0.0
51171040500,0.18115940188267035,0.0
51171040600,0.18115940188267035,0.0
51171040700,0.18115940188267035,0.0
51171040800,0.22763505378521662,0.0
51173030100,0.05451569266472529,0.0
51173030200,0.05451569266472529,0.0
51173030301,0.4893432413000342,0.007670724735097636
51173030302,0.05451569266472529,0.0
51173030400,0.05451569266472529,0.0
51173030500,0.05451569266472529,0.0
51173030600,0.05451569266472529,0.0
51173030701,0.9137868484753954,0.023709512817574514
51173030702,0.05451569266472529,0.0
51175200100,0.359508128014255,0.0
51175200200,0.0,0.0
51175200300,0.0,0.0
51175200400,0.0,0.0
51175200500,0.0,0.0
51177020104,0.20848654883166579,0.006760838021499588
51177020105,0.20848654883166579,0.006760838021499588
51177020106,0.4993728457708904,0.020897135702816906
51177020107,0.4993728457708904,0.020897135702816906
51177020108,0.37952685576448203,0.020897135702816906
51177020109,0.3899258480717744,0.020897135702816906
51177020110,0.3899258480717744,0.020897135702816906
51177020111,0.3899258480717744,0.020897135702816906
51177020112,0.4993728457708904,0.020897135702816906
51177020113,0.20848654883166579,0.006760838021499588
51177020114,0.4993728457708904,0.020897135702816906
51177020201,0.3899258480717744,0.020897135702816906
51177020202,0.37952685576448203,0.020897135702816906
51177020203,0.4823481331754063,0.020897135702816906
51177020204,0.37952685576448203,0.020897135702816906
51177020205,0.19255586936471913,0.006760838021499588
51177020304,0.37952685576448203,0.020897135702816906
51177020305,0.37952685576448203,0.020897135702816906
51177020306,0.4823481331754063,0.020897135702816906
51177020307,0.37952685576448203,0.020897135702816906
51177020308,0.4993728457708904,0.020897135702816906
51177020309,0.4823481331754063,0.020897135702816906
51177020310,0.4993728457708904,0.020897135702816906
51177020311,0.24017841987555746,0.006760838021499588
51177020403,0.03305706244759517,0.0
51177020404,0.03305706244759517,0.0
51177020405,0.02452040857439457,0.0
51177020406,0.040704405329904825,0.0
51177020407,0.02452040857439457,0.0
51177020408,0.3960746846539522,0.006760838021499588
51179010103,0.09271067530935898,0.006760838021499588
51179010105,0.11225814788449422,0.006760838021499588
51179010106,0.20036389310987937,0.006760838021499588
51179010107,0.016346939049596384,0.0
51179010108,0.11172262899178344,0.006760838021499588
51179010201,0.03491558075813101,0.0
51179010202,0.0037792923307323747,0.0
51179010204,0.1479067329442024,0.006760838021499588
51179010205,0.03129986520510467,0.0
51179010206,0.03550243764489258,0.0
51179010207,0.11172262899178344,0.006760838021499588
51179010210,0.11225814788449422,0.006760838021499588
51179010211,0.09349243953054934,0.006760838021499588
51179010212,0.11172262899178344,0.006760838021499588
51179010213,0.14870095161807315,0.006760838021499588
51179010214,0.11172262899178344,0.006760838021499588
51179010301,0.20848654883166579,0.006760838021499588
51179010303,0.3899258480717744,0.020897135702816906
51179010304,0.1477785332769421,0.006760838021499588
51179010305,0.1477785332769421,0.006760838021499588
51179010403,0.3899258480717744,0.020897135702816906
51179010404,0.37116785037106936,0.020897135702816906
51179010405,0.3899258480717744,0.020897135702816906
51179010406,0.6192303360135973,0.030731081915907215
51179010502,0.3899258480717744,0.020897135702816906
51179010503,0.39910367211846104,0.020897135702816906
51179010504,0.5153164065643531,0.020897135702816906
51181860100,0.057838332672268324,0.0
51181860200,0.2728200266727438,0.0
51183870100,0.359508128014255,0.0
51183870201,0.359508128014255,0.0
51183870202,0.359508128014255,0.0
51183870300,0.359508128014255,0.0
51183870400,0.359508128014255,0.0
51185020100,0.7552486746881482,0.023997757345710132
51185020200,1.41033174265373,0.07417488634128587
51185020300,0.04453396918885856,0.0
51185020400,0.04453396918885856,0.0
51185020500,0.04628276333879106,0.0001489906435135836
51185020600,0.08413910964695549,0.0
51185020700,0.08413910964695549,0.0
51185020800,1.3312071818162439,0.07417488634128587
51185020900,0.03860389625327215,0.0
51185021000,0.03860389625327215,0.0
51185021100,1.41033174265373,0.07417488634128587
51187020100,0.013910815391677187,0.0
51187020200,0.2814401312529533,0.0099924633226279
51187020300,0.04173244617503155,0.0
51187020400,0.013910815391677187,0.0
51187020500,0.013910815391677187,0.0
51187020601,0.013910815391677187,0.0
51187020602,0.04173244617503155,0.0
51187020700,0.0,0.0
51191010100,0.4893432413000342,0.007670724735097636
51191010200,0.05451569266472529,0.0
51191010300,0.4893432413000342,0.007670724735097636
51191010401,0.4893432413000342,0.007670724735097636
51191010402,0.4893432413000342,0.007670724735097636
51191010501,0.9137868484753954,0.023709512817574514
51191010502,0.9137868484753954,0.023709512817574514
51191010601,0.9137868484753954,0.023709512817574514
51191010602,1.2486689605587078,0.034866930614080166
51191010700,0.9137868484753954,0.023709512817574514
51191010800,0.4893432413000342,0.007670724735097636
51191010900,0.4893432413000342,0.007670724735097636
51191011000,0.05451569266472529,0.0
51193010100,0.0,0.0
51193010200,0.0,0.0
51193010300,0.04904081714878914,0.0
51193010400,0.02452040857439457,0.0
51195930700,0.6495837091441299,0.021897466978766097
51195930800,0.6495837091441299,0.021897466978766097
51195930900,1.6575584302298485,0.09953394081257316
51195931000,0.6495837091441299,0.021897466978766097
51195931100,0.07236741587282083,0.0
51195931200,0.6495837091441299,0.021897466978766097
51195931300,0.07236741587282083,0.0
51195931400,1.6575584302298485,0.09953394081257316
51195931500,1.2130157327253777,0.06768307975254975
51195931600,1.2130157327253777,0.06768307975254975
51195931700,0.07236741587282083,0.0
51197050100,0.35773460046491173,0.0
51197050200,0.05451569266472529,0.0
51197050301,0.05451569266472529,0.0
51197050302,0.0,0.0
51197050401,0.0,0.0
51197050402,0.35773460046491173,0.0
51199050203,0.34061881168951114,0.01715617199972448
51199050204,0.5019113958074858,0.022133774695710512
51199050205,0.3684332296087685,0.01715617199972448
51199050206,0.3841164127863072,0.01715617199972448
51199050303,0.4229049001301542,0.016844646108741534
51199050304,0.14684101022314902,0.0047803345137033045
51199050305,0.20713200323167702,0.007160927107435753
51199050306,0.3175772680372077,0.03184045145264239
51199050401,0.21276272522970294,0.007160927107435753
51199050402,0.19776935356994982,0.0047803345137033045
51199050500,0.5124758845048547,0.029070452406408702
51199050900,0.05015113546083259,0.0
51199051000,0.04337874950420125,0.0
51199051100,1.6755970801869682,0.11217965611457562
51199990100,,
51510200102,0.4035327496712116,0.023100700619012253
51510200103,0.34300465650657325,0.020286479887894702
51510200104,0.4035327496712116,0.023100700619012253
51510200105,0.4223494589444268,0.0230787786490838
51510200106,0.4035327496712116,0.023100700619012253
51510200107,0.3795470857443679,0.023323979498922606
51510200201,0.4380201834471879,0.022856834882852693
51510200202,0.4123975178692715,0.020941877025070457
51510200301,0.4035327496712116,0.023100700619012253
51510200302,0.3562558230035515,0.020164909397858033
51510200303,0.350141967071573,0.021307313251266682
51510200403,0.36279968234208076,0.021185742761230014
51510200404,0.36279968234208076,0.021185742761230014
51510200405,0.350141967071573,0.021307313251266682
51510200406,0.350141967071573,0.021307313251266682
51510200407,0.3736352056959823,0.020142987427929582
51510200500,0.36279968234208076,0.021185742761230014
51510200600,0.3792450191852027,0.021163820791301562
51510200701,0.37572445483150974,0.01893087528805829
51510200702,0.4123975178692715,0.020941877025070457
51510200703,0.4123975178692715,0.020941877025070457
51510200801,0.41504189889988363,0.020941877025070457
51510200802,0.4123975178692715,0.020941877025070457
51510200900,0.46311899800161166,0.023877668246224674
51510201000,0.48785503157325405,0.024201334441920484
51510201100,0.44983896451494837,0.02295854327272638
51510201202,0.248146607425413,0.010238953094885065
51510201203,0.44983896451494837,0.02295854327272638
51510201204,0.248146607425413,0.010238953094885065
51510201300,0.20492781133761465,0.008323995237102826
51510201400,0.20492781133761465,0.008323995237102826
51510201500,0.41504189889988363,0.020941877025070457
51510201600,0.41504189889988363,0.020941877025070457
51510201801,0.18348302326648458,0.007303161873730844
51510201802,0.20923469231393235,0.00822228684722914
51510201900,0.41504189889988363,0.020941877025070457
51510202001,0.20923469231393235,0.00822228684722914
51510202002,0.21950631850983154,0.008143059233099267
51520020100,0.05451569266472529,0.0
51520020200,0.05451569266472529,0.0
51520020300,0.05451569266472529,0.0
51520020400,0.4893432413000342,0.007670724735097636
51530930600,2.899457921986811,0.21117865750534145
51540000201,3.483319949306826,0.04706063143363375
51540000202,3.483319949306826,0.04706063143363375
51540000302,3.483319949306826,0.04706063143363375
51540000401,3.483319949306826,0.04706063143363375
51540000402,3.483319949306826,0.04706063143363375
51540000501,3.483319949306826,0.04706063143363375
51540000502,3.483319949306826,0.04706063143363375
51540000600,3.483319949306826,0.04706063143363375
51540000700,3.483319949306826,0.04706063143363375
51540000800,3.483319949306826,0.04706063143363375
51540000900,3.483319949306826,0.04706063143363375
51540001000,3.483319949306826,0.04706063143363375
51550020001,1.7732512559154618,0.11665760022551346
51550020002,1.8233670775796684,0.12043926735729417
51550020003,1.7663330012332175,0.12007150988844534
51550020100,1.6325708056671695,0.1146025697544506
51550020200,1.5316189708678327,0.11743095611244432
51550020300,1.5795948062036962,0.1170792693680981
51550020400,1.5795948062036962,0.1170792693680981
51550020500,1.5576043026598827,0.07258131778524998
51550020600,1.594197777038844,0.10946754565176413
51550020700,1.539803818302191,0.10981923239611034
51550020804,1.2145897382878748,0.0826452816934669
51550020805,1.6364978994583428,0.12487863445487313
51550020806,1.4313169241847248,0.10835087815785255
51550020807,1.31168036046107,0.09684042981107199
51550020808,1.6790333327491387,0.11700928696985967
51550020809,1.63947700424281,0.11710539398977472
51550020903,1.6491114787618066,0.10658721459492883
51550020904,1.730678967750558,0.10634961035292664
51550020905,1.5780528443130253,0.10964508119477094
51550020906,1.6160108859358373,0.10670129709727287
51550021004,0.6444453841792205,0.02302014789364773
51550021005,1.1170061489204361,0.06638264361600668
51550021006,0.06187239264210974,7.843172036152676e-05
51550021009,0.9311534710434768,0.05734513313018151
51550021010,1.1170061489204361,0.06638264361600668
51550021011,1.1170061489204361,0.06638264361600668
51550021012,0.9051003168872369,0.057992390811919044
51550021013,0.9862870649205456,0.05734513313018151
51550021101,1.1170061489204361,0.06638264361600668
51550021102,0.09607499884090327,0.0
51550021200,0.09653362241162437,0.0
51550021301,0.5919124479531693,0.017207749307191655
51550021302,1.021301278646845,0.04408749547479762
51550021401,1.616605550582927,0.0725353535583341
51550021402,1.6458269660317195,0.09422920824472153
51550021403,1.3863152690823661,0.06419106498116237
51550021404,1.3863152690823661,0.06419106498116237
51550021501,0.7676555007619662,0.03658946072868976
51550021502,0.7725783040267584,0.028533424702034363
51550021601,1.6562746954347627,0.04523546762092387
51550021602,1.4285487587947059,0.05089787860189854
51570830100,3.3066486568206703,0.13287128566218268
51570830200,5.129933062393671,0.1953989495032098
51570830300,5.129933062393671,0.1953989495032098
51570830400,5.129933062393671,0.1953989495032098
51570830500,5.129933062393671,0.1953989495032098
51580060100,0.29509664007588365,0.0
51580060200,0.20778808313424396,0.0
51590000100,0.46472368328500785,0.026380345906049048
51590000200,0.46472368328500785,0.026380345906049048
51590000300,0.46472368328500785,0.026380345906049048
51590000400,0.46472368328500785,0.026380345906049048
51590000500,0.46472368328500785,0.026380345906049048
51590000600,0.46472368328500785,0.026380345906049048
51590000700,0.46472368328500785,0.026380345906049048
51590000800,0.46472368328500785,0.026380345906049048
51590000900,0.46472368328500785,0.026380345906049048
51590001000,0.46472368328500785,0.026380345906049048
51590001100,0.46472368328500785,0.026380345906049048
51590001200,0.46472368328500785,0.026380345906049048
51590001301,0.46472368328500785,0.026380345906049048
51590001302,0.46472368328500785,0.026380345906049048
51590001400,0.46472368328500785,0.026380345906049048
51590980100,0.3400888493062844,0.017938635216113358
51595890100,0.359508128014255,0.0
51595890200,0.359508128014255,0.0
51600300100,1.209358344429636,0.0625849390519599
51600300200,1.213314278699516,0.06270744821371091
51600300300,1.3188360307270246,0.06253358412341545
51600300400,1.2245304186077095,0.06266941019738687
51600300500,1.1773667330747004,0.06273933471542502
51610500100,0.7767873139031333,0.04940955885215355
51610500200,0.7975181540760901,0.049294318686146456
51610500300,0.8041572544880523,0.04892512830548601
51620090100,0.026508320376566964,0.0
51620090200,0.1904543161138033,0.0
51630000100,0.6049541961179818,0.030731081915907215
51630000200,0.6049541961179818,0.030731081915907215
51630000301,0.6192303360135973,0.030731081915907215
51630000302,0.6049541961179818,0.030731081915907215
51630000400,0.6192303360135973,0.030731081915907215
51630000500,0.6049541961179818,0.030731081915907215
51640070101,0.0,0.0
51640070102,0.0,0.0
51650010103,0.3983835793571211,0.01245005569440473
51650010104,0.7870134073789593,0.02808359151354722
51650010200,0.3727395969851174,0.01245005569440473
51650010304,0.47170504485064213,0.022350488359002996
51650010306,0.7703039598314818,0.037481336577534934
51650010307,0.4503217105128557,0.022700184081166856
51650010309,0.4665438553484208,0.022700184081166856
51650010310,0.4456965575570748,0.022700184081166856
51650010311,0.47170504485064213,0.022350488359002996
51650010312,0.4456965575570748,0.022700184081166856
51650010313,0.4498758985562693,0.022350488359002996
51650010314,0.47170504485064213,0.022350488359002996
51650010400,0.4456965575570748,0.022700184081166856
51650010501,0.47170504485064213,0.022350488359002996
51650010502,0.7703039598314818,0.037481336577534934
51650010601,0.8454046449707786,0.04490582186969089
51650010602,0.7703039598314818,0.037481336577534934
51650010701,0.5858751741146544,0.024138651624807442
51650010702,0.6924473694962703,0.02808359151354722
51650010703,0.6736842388299487,0.024138651624807442
51650010800,0.7681463946814288,0.03572479046899566
51650010900,0.7783717945206167,0.03550807680570318
51650011000,0.7870134073789593,0.02808359151354722
51650011100,0.8383012145981901,0.029698540313634236
51650011200,0.907303899235013,0.03500538920509262
51650011300,0.7592894650256714,0.04101199285492823
51650011400,0.8215396276507477,0.04037522533647908
51650011500,0.6862091049062138,0.02808359151354722
51650011600,0.6862091049062138,0.02808359151354722
51650011800,0.7703039598314818,0.037481336577534934
51650011900,0.7703039598314818,0.037481336577534934
51650012000,0.6818583038678474,0.033536396688795156
51650012100,0.3983835793571211,0.01245005569440473
51650990100,,
51660000101,5.398852678723643,0.2994122888109399
51660000102,5.772468124144169,0.29270517416931824
51660000203,5.772468124144169,0.29270517416931824
51660000204,5.398852678723643,0.2994122888109399
51660000205,5.772468124144169,0.29270517416931824
51660000206,5.398852678723643,0.2994122888109399
51660000207,5.772468124144169,0.29270517416931824
51660000301,5.772468124144169,0.29270517416931824
51660000302,5.772468124144169,0.29270517416931824
51660000401,5.929763280750857,0.2875415800296662
51660000402,5.398852678723643,0.2994122888109399
51670820100,3.3066486568206703,0.13287128566218268
51670820300,3.3066486568206703,0.13287128566218268
51670820400,3.3066486568206703,0.13287128566218268
51670820500,3.3066486568206703,0.13287128566218268
51670820600,3.3066486568206703,0.13287128566218268
51670820700,3.3066486568206703,0.13287128566218268
51670980100,1.2916489777039708,0.04298776889070616
51678930500,4.792596768595038,0.3082308751435362
51680000100,10.740918663214927,0.6359714161482316
51680000201,11.285054932628176,0.6335897292585291
51680000202,9.673623310406416,0.6432954602450336
51680000203,9.016082580981076,0.6470594321712099
51680000300,9.09685378365559,0.6470594321712099
51680000400,8.617703394392935,0.6494411190609124
51680000500,8.617703394392935,0.6494411190609124
51680000600,8.69085217951283,0.6494411190609124
51680000700,9.016082580981076,0.6470594321712099
51680000801,15.410183436289424,0.9331318868872517
51680000802,9.767004075703587,0.6432954602450336
51680000900,11.028255963150984,0.641577588721014
51680001000,15.541210931443741,0.9331318868872517
51680001100,14.834863129062978,0.9355135737769542
51680001400,17.102442046631626,0.9241273582184507
51680001600,18.284659121672185,0.9203633862922744
51680001700,12.627462140000711,0.6301660543545815
51680001800,19.483906309063567,0.9196621839745709
51680001900,17.102442046631626,0.9241273582184507
51683910100,0.009479666181206776,2.1921969928453444e-05
51683910201,0.42077239850750814,0.012915376238065233
51683910202,0.4619757125171337,0.012741512147769772
51683910301,0.4163167117446468,0.012915376238065233
51683910302,0.010095325130344033,2.1921969928453444e-05
51683910401,0.4565029243803491,0.012741512147769772
51683910402,0.010065964113683299,2.1921969928453444e-05
51685920100,0.3577295290897039,0.013067360102911539
51685920200,0.5841480198306013,0.012741512147769772
51690000100,0.03875829367061241,0.0
51690000200,0.03875829367061241,0.0
51690000300,0.03875829367061241,0.0
51690000400,0.03875829367061241,0.0
51690000500,0.03875829367061241,0.0
51700030100,0.8328121957297255,0.033312077617612436
51700030300,0.33807782756421784,0.013435003047416957
51700030400,0.7752274665631305,0.033661773339776296
51700030500,0.45725028259948136,0.02283274811140467
51700030600,0.6807144942070779,0.03352879128090493
51700030800,0.6695856981805233,0.03387848700306879
51700030900,0.47381938525409034,0.02318244383356853
51700031100,0.5078955360119849,0.022965730170276043
51700031200,0.4575134760376633,0.02318244383356853
51700031300,0.4575134760376633,0.02318244383356853
51700031400,0.6320449142988213,0.029086988533824402
51700031500,0.6472236143875651,0.02887027487053192
51700031601,0.6472236143875651,0.02887027487053192
51700031602,0.6254752824636278,0.02887027487053192
51700031701,0.5617532315843113,0.02354297645238203
51700031702,0.5413200814717,0.02354297645238203
51700031800,0.6076251523783458,0.02354297645238203
51700031901,0.6143333340606029,0.02354297645238203
51700031902,0.5413200814717,0.02354297645238203
51700032001,0.4229049001301542,0.016844646108741534
51700032002,0.35398047406078864,0.01715617199972448
51700032005,0.4060219005751322,0.01715617199972448
51700032006,0.5617532315843113,0.02354297645238203
51700032007,0.3841164127863072,0.01715617199972448
51700032113,0.42682102200047656,0.04183569634493112
51700032114,0.4476696448503516,0.022133774695710512
51700032117,0.6254752824636278,0.02887027487053192
51700032123,0.5242877887755052,0.041021482853337614
51700032124,0.5065663742900086,0.04152417045394817
51700032126,0.6885520415949279,0.053200103493574694
51700032127,0.6254752824636278,0.02887027487053192
51700032128,0.6254752824636278,0.02887027487053192
51700032129,0.4476696448503516,0.022133774695710512
51700032130,0.5106398989712827,0.04681329904091715
51700032131,0.5242877887755052,0.041021482853337614
51700032132,0.46125498812809496,0.04183569634493112
51700032211,0.44237518452134783,0.01634195850813098
51700032212,0.3841164127863072,0.01715617199972448
51700032223,0.5242877887755052,0.041021482853337614
51700032224,0.5354042125270179,0.041021482853337614
51700032225,0.5065663742900086,0.04152417045394817
51700032226,0.5242877887755052,0.041021482853337614
51700032300,0.0,0.0
51700032400,0.46125498812809496,0.04183569634493112
51710000100,1.343048691581438,0.08802481140633274
51710000201,1.3332809590375347,0.08551418264364544
51710000202,1.4783817234451562,0.09506170723951463
51710000300,1.405252477317928,0.09506170723951463
51710000400,1.3425314460773128,0.08794444719779157
51710000500,1.419738103271501,0.09390443544773308
51710000600,1.378674137082753,0.09506170723951463
51710000700,1.365170140721945,0.10151852341386522
51710000800,1.4783817234451562,0.09506170723951463
51710000901,2.0468024342467896,0.09567989391115089
51710000902,1.6028356622353004,0.09482129143052696
51710001100,2.0876058813785168,0.09389338160543437
51710001200,2.0232955798617764,0.09638136264191696
51710001300,1.995139337428056,0.11243399810601734
51710001400,1.9786377853847403,0.1131465292482601
51710001500,2.0455555929603295,0.11037917240434551
51710001600,2.0250217905383945,0.11108064113511158
51710001700,1.973357428713782,0.11108064113511158
51710002000,1.5412842980197246,0.09688717954367548
51710002100,1.9547191149162637,0.10610303843912557
51710002200,1.9444970767481078,0.11466638923112393
51710002300,2.0622798589567384,0.09459485033620044
51710002400,2.1282672845711454,0.09444585969268686
51710002500,2.057372580469756,0.10595404779561197
51710002600,2.002184102086974,0.10610303843912557
51710002700,1.9427568047718593,0.11104214350604366
51710002800,1.9642361494335332,0.1096887865351379
51710002900,1.9372799845702033,0.11104214350604366
51710003000,1.9008739654851197,0.11104214350604366
51710003100,1.9295520187557895,0.11159068105116687
51710003200,1.9008739654851197,0.11104214350604366
51710003300,1.8504617425882826,0.11185078166820148
51710003400,1.8981391272266557,0.1111382505259587
51710003501,1.9442910044824229,0.11098925988244511
51710003600,1.8981391272266557,0.1111382505259587
51710003700,1.9912027545677438,0.11089315286253007
51710003800,2.0434837266486423,0.11089315286253007
51710004001,1.9442910044824229,0.11098925988244511
51710004002,2.0434837266486423,0.11089315286253007
51710004100,1.8981391272266557,0.1111382505259587
51710004200,1.9951642806191547,0.13263715034191667
51710004300,1.9403997740956251,0.11170179102468789
51710004400,1.893758895547728,0.11170179102468789
51710004500,2.146262924441006,0.1410687344171898
51710004600,1.7452847359701378,0.12551085344337123
51710004700,2.006401765046606,0.13263715034191667
51710004800,1.9940646164724591,0.11098925988244511
51710004900,1.9442910044824229,0.11098925988244511
51710005000,2.044995044356382,0.13263715034191667
51710005100,2.143898470321518,0.13847384794476023
51710005500,1.5682998679429416,0.09482129143052696
51710005601,1.5682998679429416,0.09482129143052696
51710005602,1.5412842980197246,0.09688717954367548
51710005701,1.4291256844608355,0.09712759535266316
51710005702,1.5412842980197246,0.09688717954367548
51710005800,1.4728558096676307,0.09732484266146868
51710005901,1.6151442580095148,0.12187817695510408
51710005902,1.6193293579308927,0.12187817695510408
51710005903,1.4812322615433222,0.09544244132010327
51710006000,1.8455782821771605,0.11185078166820148
51710006100,1.9824882008860123,0.11144169040765328
51710006200,1.7168443913680989,0.12480938471260516
51710006400,1.7452847359701378,0.12551085344337123
51710006501,1.5736110477871497,0.09688717954367548
51710006502,1.5432528044353857,0.09190957684768947
51710006601,1.5493050437151157,0.09617464840143272
51710006602,1.5182830235693356,0.09119704570544669
51710006603,1.5182830235693356,0.09119704570544669
51710006604,1.5432528044353857,0.09190957684768947
51710006605,1.5107021811894468,0.09190957684768947
51710006606,1.5412842980197246,0.09688717954367548
51710006607,1.4391258819818828,0.11415912402207373
51710006800,1.6568849106893955,0.12172918631159052
51710006901,1.7114461814902333,0.1279198489002526
51710006902,1.6602794242022931,0.123898184780347
51710007001,1.754215356016456,0.12605217588179926
51710007002,1.8913047088239352,0.13188887348464284
51710980100,2.064583058316752,0.0833497211014557
51710980200,1.7050237260162746,0.12551085344337123
51710980300,1.5566950043419767,0.09176058620417588
51710990000,0.8165627128834547,0.027580903912936664
51720960100,1.2130157327253777,0.06768307975254975
51730810100,5.129933062393671,0.1953989495032098
51730810300,5.129933062393671,0.1953989495032098
51730810400,5.129933062393671,0.1953989495032098
51730810500,5.129933062393671,0.1953989495032098
51730810600,5.129933062393671,0.1953989495032098
51730810700,5.129933062393671,0.1953989495032098
51730810900,5.129933062393671,0.1953989495032098
51730811000,5.270774009256547,0.1953989495032098
51730811100,3.53404058266638,0.13287128566218268
51730811200,3.9451280470475814,0.13287128566218268
51730811300,5.129933062393671,0.1953989495032098
51735340100,0.39386882332471895,0.016653484399113926
51735340200,0.3841164127863072,0.01715617199972448
51735340300,0.23760769730908024,0.007160927107435753
51735990100,0.19988912089842223,0.0074724529984187
51740210200,1.5450847456668928,0.05333217637076525
51740210300,1.5307105880689644,0.06438698401693074
51740210400,1.4285434412311981,0.0640749217386659
51740210500,2.089061841089018,0.09500905119645248
51740210600,2.210412642368545,0.10339930400054012
51740210900,1.5149601514832285,0.09225507348769686
51740211100,1.5473451619824534,0.08852112392305866
51740211400,1.4943236288326966,0.07979272632051206
51740211500,1.4943236288326966,0.07979272632051206
51740211600,1.681708122361777,0.07478165387739581
51740211700,1.6196833186798656,0.08585899168523667
51740211800,1.5473451619824534,0.08852112392305866
51740211900,1.558643307443699,0.0878196551922926
51740212000,1.5149601514832285,0.09225507348769686
51740212100,1.5149601514832285,0.09225507348769686
51740212300,1.6447503480334917,0.08470171989345511
51740212400,1.6012823562434737,0.0876455039909532
51740212500,1.3863152690823661,0.06419106498116237
51740212600,1.483907510792105,0.06368551528616467
51740212701,1.577114889957839,0.0752872035723935
51740212702,1.3863152690823661,0.06419106498116237
51740212801,1.5467133295895454,0.06368551528616467
51740212802,1.5467133295895454,0.06368551528616467
51740212900,1.5450847456668928,0.05333217637076525
51740213001,1.6876374789575967,0.04827550137142806
51740213002,1.4210791859178544,0.053675618596350595
51740213101,1.399835381399297,0.05605621119008304
51740213103,1.399835381399297,0.05605621119008304
51740213104,1.4914290960095218,0.05073938367014892
51740213200,1.5888926665085799,0.0883571303259391
51740980100,1.6447503480334917,0.08470171989345511
51750010101,4.10758234929912,0.23549744782618476
51750010102,4.10758234929912,0.23549744782618476
51750010200,4.1982133791403635,0.1925096789354786
51760010200,1.3107533424740834,0.07919550811284279
51760010300,1.466986859396281,0.07959303990680472
51760010401,1.3926404318960546,0.07919550811284279
51760010402,1.4443111091233427,0.07919550811284279
51760010500,1.4985848085813211,0.07919550811284279
51760010600,1.4985848085813211,0.07919550811284279
51760010700,1.5570967169283174,0.07919550811284279
51760010800,1.5128642932572998,0.07395841260349725
51760010900,1.6333303547519686,0.07332644519495857
51760011000,1.6333303547519686,0.07332644519495857
51760011100,1.3938312317523145,0.07919550811284279
51760020100,1.5567000108076734,0.07332644519495857
51760020200,1.5567000108076734,0.07332644519495857
51760020300,1.6062729737806494,0.07320974261764862
51760020400,1.6062729737806494,0.07320974261764862
51760020500,1.4796406942458726,0.07856354070430412
51760020600,1.6062729737806494,0.07320974261764862
51760020700,1.6062729737806494,0.07320974261764862
51760020800,0.9952764242216431,0.04944344722964365
51760020900,1.2265173678200576,0.04887199527582338
51760021000,1.2265173678200576,0.04887199527582338
51760021100,1.0335140779594314,0.04887199527582338
51760021200,1.2265173678200576,0.04887199527582338
51760030100,1.3926404318960546,0.07919550811284279
51760030200,1.433729404267094,0.07865673614676974
51760030500,1.433729404267094,0.07865673614676974
51760040200,1.4443111091233427,0.07919550811284279
51760040300,1.3926404318960546,0.07919550811284279
51760040400,1.3926404318960546,0.07919550811284279
51760040500,1.3456490562660877,0.07919550811284279
51760040600,1.3456490562660877,0.07919550811284279
51760040700,1.3456490562660877,0.07919550811284279
51760040800,1.3456490562660877,0.07919550811284279
51760040900,1.3456490562660877,0.07919550811284279
51760041000,1.3456490562660877,0.07919550811284279
51760041100,1.3926404318960546,0.07919550811284279
51760041200,1.3926404318960546,0.07919550811284279
51760041300,1.5277347727756472,0.07844683812699416
51760041400,1.433729404267094,0.07865673614676974
51760041600,1.4828147031720325,0.07738123303693513
51760050100,1.2690429159473198,0.07919550811284279
51760050200,1.2690429159473198,0.07919550811284279
51760050300,1.4240755749598661,0.08167990445638461
51760050400,0.9708779038607016,0.06128964662051666
51760050500,0.9372219010447949,0.06128964662051666
51760050600,1.4375154231059917,0.07792000500300819
51760060200,1.5858368728215608,0.06914555053438137
51760060400,1.6612321414189222,0.06914555053438137
51760060500,1.0595637184561586,0.05410909078516892
51760060600,0.9690184709978332,0.05701448233591152
51760060700,1.0917035260462227,0.04887199527582338
51760060800,1.2936337316833613,0.09185976416652954
51760060900,1.3638349651729518,0.09155751888418495
51760061000,1.5277347727756472,0.07844683812699416
51760070100,0.9465909058031508,0.05290752247332037
51760070300,0.9998205989465144,0.058384255069774064
51760070400,0.9324392347845293,0.05710767777837714
51760070601,1.071439469012363,0.05410909078516892
51760070602,1.0335140779594314,0.04887199527582338
51760070700,1.071439469012363,0.05410909078516892
51760070801,1.071439469012363,0.05410909078516892
51760070802,1.1003323605679383,0.048614321726831916
51760070900,1.0335140779594314,0.04887199527582338
51760071001,1.1132469982025006,0.05410909078516892
51760071002,1.0119314204172303,0.05410909078516892
51760071100,1.540206159939361,0.0772880375944695
51770000100,0.3807762918026683,0.02187753078708239
51770000300,0.35128882968719377,0.0199133074484539
51770000400,0.35128882968719377,0.0199133074484539
51770000500,0.35128882968719377,0.0199133074484539
51770000601,0.24632202165773223,0.012736552722985083
51770000602,0.26844213359218916,0.012736552722985083
51770000900,0.3905431772086353,0.020235861291805417
51770001000,0.3905431772086353,0.020235861291805417
51770001100,0.35128882968719377,0.0199133074484539
51770001200,0.35128882968719377,0.0199133074484539
51770001800,0.35680989981608924,0.018271637953176927
51770001900,0.35686018501489086,0.018271637953176927
51770002100,0.3905431772086353,0.020235861291805417
51770002200,0.3905431772086353,0.020235861291805417
51770002300,0.3807762918026683,0.02187753078708239
51770002400,0.3807762918026683,0.02187753078708239
51770002500,0.3807762918026683,0.02187753078708239
51770002600,0.2492561257873981,0.012736552722985083
51770002700,0.234071312115159,0.011094883227708111
51770002800,0.23205664815043162,0.011094883227708111
51770002900,0.19866248096236783,0.008271312178429656
51770003000,0.35680989981608924,0.018271637953176927
51770003100,0.35686018501489086,0.018271637953176927
51775010100,0.519406770160771,0.025228386318218506
51775010200,0.5718827625006877,0.020904263080129368
51775010300,0.5141453787895678,0.025228386318218506
51775010501,0.5141453787895678,0.025228386318218506
51775010502,0.4040658590696519,0.015911738053716276
51790000100,0.7200841465724602,0.038560918026283086
51790000200,0.7472712042647073,0.03288362252219567
51790000300,0.7472712042647073,0.03288362252219567
51790000400,0.7472712042647073,0.03288362252219567
51790000500,0.7200841465724602,0.038560918026283086
51790000600,0.7472712042647073,0.03288362252219567
51800065100,0.07594013096446463,0.0
51800065200,0.12153687751744387,0.0004822597524016734
51800065300,0.07594013096446463,0.0
51800065400,0.07594013096446463,0.0
51800065500,0.07594013096446463,0.0
51800075101,1.483335036021608,0.049626395682125936
51800075102,0.7927512183719286,0.017074299669309415
51800075201,1.1102175142365522,0.013536355131587158
51800075202,1.2777365322765484,0.013295939322599502
51800075203,0.8725137653583758,0.013685345775100742
51800075204,0.7255872275559953,0.021818679068294298
51800075301,0.8008144214737662,0.01595863743560523
51800075302,0.07755120773266332,0.00024041580898765612
51800075401,0.07594013096446463,0.0
51800075402,0.07594013096446463,0.0
51800075403,0.07594013096446463,0.0
51800075404,0.07594013096446463,0.0
51800075405,0.07594013096446463,0.0
51800075501,1.0215505605814699,0.017550453561292485
51800075502,0.08652245256538693,0.0
51800075601,0.07594013096446463,0.0
51800075602,0.0947503311465522,0.0
51800075701,0.07594013096446463,0.0
51800075702,0.07594013096446463,0.0
51800075703,0.07594013096446463,0.0
51800075801,0.1448406803260671,0.0
51800075802,0.15431996709457765,0.0
51800075803,0.0853150496082628,0.0
51810040000,1.1997555764454675,0.06848387802375053
51810040200,1.654817366548414,0.12297197748078462
51810040402,1.6542343727073718,0.12483965049923795
51810040403,1.5595627567589008,0.09185669322409093
51810040404,1.421656723567789,0.07483069966352465
51810040600,1.6542343727073718,0.12483965049923795
51810040801,1.4320525844192769,0.09993061040852178
51810040802,1.7393552849319427,0.12245905790550549
51810041002,1.6703579012122471,0.12252591496283771
51810041003,1.7092587653740878,0.12252591496283771
51810041004,1.6703579012122471,0.12252591496283771
51810041200,1.17083104981348,0.07085617915522216
51810041400,0.9719241676253455,0.05257271628222911
51810041600,1.179833978850986,0.07022211091814173
51810041801,1.2076576508319568,0.06972666919294462
51810041802,0.9742268208773698,0.05495330887596155
51810042000,0.8562106609016155,0.04085240959575486
51810042201,0.9816165680793173,0.05263957333956131
51810042202,1.1645781575897527,0.06682155117610292
51810042400,1.1570210577296982,0.06957643683323117
51810042600,1.1570210577296982,0.06957643683323117
51810042801,1.234901822251588,0.0912243272927027
51810042802,1.167068721516496,0.067626609813864
51810043002,0.6294019048662031,0.030538749884759648
51810043003,0.9719241676253455,0.05257271628222911
51810043004,0.5305064955019432,0.017674782206672936
51810043200,0.09607499884090327,0.0
51810043400,0.5780179463820694,0.017325530729078834
51810043600,0.5780179463820694,0.017325530729078834
51810043800,0.5810297439392662,0.017325530729078834
51810044001,0.9896991364848398,0.05161530982258734
51810044003,0.6303501271426373,0.029514486367785673
51810044004,0.9896991364848398,0.05161530982258734
51810044200,0.6303501271426373,0.029514486367785673
51810044401,1.0267147902441813,0.05161530982258734
51810044402,0.9896991364848398,0.05161530982258734
51810044600,0.5757990472522995,0.01916114745238625
51810044805,1.1505047245811548,0.06102982614364894
51810044806,1.1505047245811548,0.06102982614364894
51810044807,0.9816165680793173,0.05263957333956131
51810044808,0.9816165680793173,0.05263957333956131
51810045000,0.5606104318548476,0.02580301788051871
51810045200,0.7530707575694222,0.02185732576473627
51810045405,1.1616888663358167,0.08501070866899652
51810045406,1.2732841255194316,0.08261085954578827
51810045407,1.2438536892317449,0.08267771660312047
51810045408,0.5791627324831468,0.02927401125212203
51810045412,0.4484448429646446,0.006197137957878469
51810045414,1.2485623961475238,0.08927450027333553
51810045415,1.2485623961475238,0.08927450027333553
51810045417,0.7977893206976376,0.03766426405620967
51810045420,0.613035033443943,0.022521729665304743
51810045421,1.1235446569805607,0.07089055285931403
51810045422,1.1191625422595224,0.07089055285931403
51810045423,0.7377168897856272,0.044236866021237733
51810045424,0.7367151329704239,0.02185732576473627
51810045425,0.533145603736776,0.02580301788051871
51810045426,0.6911474709282266,0.021953432784651318
51810045427,0.6551240577608037,0.02244329794494322
51810045428,0.6199981830498729,0.027757301364839785
51810045601,1.234901822251588,0.0912243272927027
51810045603,1.6703579012122471,0.12252591496283771
51810045604,1.234901822251588,0.0912243272927027
51810045801,1.234901822251588,0.0912243272927027
51810045803,1.2037987083483472,0.0916630199303682
51810045805,1.234901822251588,0.0912243272927027
51810045806,1.2198686756200365,0.09037995958934604
51810045807,1.2059311853020083,0.09138832088982227
51810045808,1.152690408658653,0.09172987698770041
51810045809,1.2198686756200365,0.09037995958934604
51810045810,1.1645780649248754,0.09072151568722418
51810046002,1.8986427650902264,0.12527781881621994
51810046005,1.3470946027122128,0.09944892992073077
51810046006,1.521706431106297,0.10521877046624212
51810046009,1.6602794242022931,0.123898184780347
51810046010,1.6602794242022931,0.123898184780347
51810046011,1.1862065705509601,0.09065465862989197
51810046012,1.3505653006865186,0.09649135623273554
51810046013,1.161502007633931,0.08978004996833322
51810046014,1.183515778204516,0.08971319291100102
51810046015,1.2908809996840713,0.0815865960288143
51810046016,1.1706693689131003,0.08311640924078596
51810046204,1.8142868932168066,0.12780348815643627
51810046206,1.4536799561394722,0.11025371404208818
51810046207,1.4315571296201444,0.10956273790667115
51810046211,1.6420051190812124,0.11921555814431264
51810046212,1.183515778204516,0.08971319291100102
51810046213,1.457382876968981,0.1094486554043271
51810046214,1.2517247304129808,0.09817581129954875
51810046216,1.1368612894611365,0.08311640924078596
51810046217,1.2861829927194033,0.0980797042796337
51810046219,1.4011434544076418,0.1087919808481971
51810046220,1.671820257576243,0.11710539398977472
51810046221,1.9494158405992457,0.12447276017845886
51810046222,1.4512782894591112,0.10855437660619492
51810046223,1.457382876968981,0.1094486554043271
51810046224,1.4782164055915679,0.10844029410385088
51810046225,1.1368612894611365,0.08311640924078596
51810046400,0.09607499884090327,0.0
51810990100,0.0025570092242142217,0.0
51820003100,0.29243280167341146,0.007234396954883047
51820003200,0.29243280167341146,0.007234396954883047
51820003300,0.29243280167341146,0.007234396954883047
51820003400,0.5322877874076184,0.022360863315093057
51820003500,0.5322877874076184,0.022360863315093057
51830370100,3.0689860734990955,0.11217965611457562
51830370200,1.6755970801869682,0.11217965611457562
51830370300,3.1682907076184796,0.11217965611457562
51840000100,0.916224513575335,0.04542028783012682
51840000201,0.916224513575335,0.04542028783012682
51840000202,0.916224513575335,0.04542028783012682
51840000301,0.916224513575335,0.04542028783012682
51840000302,0.916224513575335,0.04542028783012682
