origin,dest,cost
1,51790,27.7
2,51790,265.1
3,51790,18.4
4,51790,193.3
5,51790,241.8
6,51790,256.6
7,51790,153.7
8,51790,123.3
9,51790,186.3
10,51790,453.1
11,51790,320.5
12,51790,19.7
13,51790,208.4
14,51790,136
15,51790,477.6
16,51790,142.3
17,51790,41.3
18,51790,363.4
19,51790,299.2
20,51790,225.1
21,51790,185.8
22,51790,213.4
23,51790,294.4
24,51790,234.7
25,51790,43.1
26,51790,90.6
27,51790,97.3
28,51790,135.8
29,51790,263.3
30,51790,260.9
31,51790,178.4
32,51790,157
33,51790,256.3
1,51790,27.7
2,51790,265.1
3,51790,18.4
4,51790,193.3
5,51790,241.8
6,51790,256.6
7,51790,153.7
8,51790,123.3
9,51790,186.3
10,51790,453.1
11,51790,320.5
12,51790,19.7
13,51790,208.4
14,51790,136
15,51790,477.6
16,51790,142.3
17,51790,41.3
18,51790,363.4
19,51790,299.2
20,51790,225.1
21,51790,185.8
22,51790,213.4
23,51790,294.4
24,51790,234.7
25,51790,43.1
26,51790,90.6
27,51790,97.3
28,51790,135.8
29,51790,263.3
30,51790,260.9
31,51790,178.4
32,51790,157
33,51790,256.3
34,51790,324.7
35,51790,221.9
1,51153,153.1
2,51153,232.2
3,51153,158.4
4,51153,172.3
5,51153,149.1
6,51153,107.6
7,51153,42.6
8,51153,43.7
9,51153,31.3
10,51153,412.7
11,51153,195.7
12,51153,155.2
13,51153,102.1
14,51153,35.2
15,51153,437.2
16,51153,256.7
17,51153,187.4
18,51153,323
19,51153,258.8
20,51153,100.4
21,51153,84.1
22,51153,82.8
23,51153,177.8
24,51153,91
25,51153,141.5
26,51153,97.1
27,51153,159.5
28,51153,36.1
29,51153,211.5
30,51153,102.4
31,51153,132.3
32,51153,99.3
33,51153,119.2
1,51153,153.1
2,51153,232.2
3,51153,158.4
4,51153,172.3
5,51153,149.1
6,51153,107.6
7,51153,42.6
8,51153,43.7
9,51153,31.3
10,51153,412.7
11,51153,195.7
12,51153,155.2
13,51153,102.1
14,51153,35.2
15,51153,437.2
16,51153,256.7
17,51153,187.4
18,51153,323
19,51153,258.8
20,51153,100.4
21,51153,84.1
22,51153,82.8
23,51153,177.8
24,51153,91
25,51153,141.5
26,51153,97.1
27,51153,159.5
28,51153,36.1
29,51153,211.5
30,51153,102.4
31,51153,132.3
32,51153,99.3
33,51153,119.2
34,51153,221.5
35,51153,67.8
1,51041,201.2
2,51041,296
3,51041,206.5
4,51041,226.3
5,51041,240
6,51041,54.9
7,51041,116.6
8,51041,90.8
9,51041,100.1
10,51041,484
11,51041,122.1
12,51041,203.3
13,51041,10
14,51041,84.7
15,51041,508.6
16,51041,304.7
17,51041,235.4
18,51041,394.4
19,51041,330.2
20,51041,26.8
21,51041,31.1
22,51041,173.8
23,51041,252.6
24,51041,31.9
25,51041,189.5
26,51041,145.2
27,51041,207.6
28,51041,94.8
29,51041,294.2
30,51041,177.2
31,51041,186.3
32,51041,92.5
33,51041,58
1,51041,201.2
2,51041,296
3,51041,206.5
4,51041,226.3
5,51041,240
6,51041,54.9
7,51041,116.6
8,51041,90.8
9,51041,100.1
10,51041,484
11,51041,122.1
12,51041,203.3
13,51041,10
14,51041,84.7
15,51041,508.6
16,51041,304.7
17,51041,235.4
18,51041,394.4
19,51041,330.2
20,51041,26.8
21,51041,31.1
22,51041,173.8
23,51041,252.6
24,51041,31.9
25,51041,189.5
26,51041,145.2
27,51041,207.6
28,51041,94.8
29,51041,294.2
30,51041,177.2
31,51041,186.3
32,51041,92.5
33,51041,58
34,51041,296.3
35,51041,57.2
1,51085,32.4
2,51085,267.8
3,51085,23.1
4,51085,196
5,51085,244.5
6,51085,262.5
7,51085,159.6
8,51085,129.2
9,51085,192.2
10,51085,455.8
11,51085,326.4
12,51085,24.5
13,51085,214.3
14,51085,141.9
15,51085,480.3
16,51085,145
17,51085,37.2
18,51085,366.2
19,51085,301.9
20,51085,231
21,51085,191.8
22,51085,219.4
23,51085,297.1
24,51085,240.6
25,51085,45.1
26,51085,96.6
27,51085,100
28,51085,141.7
29,51085,266
30,51085,266.9
31,51085,181.2
32,51085,163
33,51085,262.2
1,51085,32.4
2,51085,267.8
3,51085,23.1
4,51085,196
5,51085,244.5
6,51085,262.5
7,51085,159.6
8,51085,129.2
9,51085,192.2
10,51085,455.8
11,51085,326.4
12,51085,24.5
13,51085,214.3
14,51085,141.9
15,51085,480.3
16,51085,145
17,51085,37.2
18,51085,366.2
19,51085,301.9
20,51085,231
21,51085,191.8
22,51085,219.4
23,51085,297.1
24,51085,240.6
25,51085,45.1
26,51085,96.6
27,51085,100
28,51085,141.7
29,51085,266
30,51085,266.9
31,51085,181.2
32,51085,163
33,51085,262.2
34,51085,327.4
35,51085,227.8
1,51059,422.9
2,51059,190.3
3,51059,414.1
4,51059,262.8
5,51059,231.4
6,51059,469.7
7,51059,353.1
8,51059,354.9
9,51059,393.7
10,51059,99.6
11,51059,552.1
12,51059,403.6
13,51059,440
14,51059,361.5
15,51059,71.7
16,51059,380
17,51059,392.1
18,51059,78.7
19,51059,120.3
20,51059,456.7
21,51059,417.4
22,51059,298
23,51059,251.6
24,51059,453.1
25,51059,389.8
26,51059,397
27,51059,358.8
28,51059,360.9
29,51059,166.3
30,51059,319.3
31,51059,305.7
32,51059,419.1
33,51059,481.3
1,51059,422.9
2,51059,190.3
3,51059,414.1
4,51059,262.8
5,51059,231.4
6,51059,469.7
7,51059,353.1
8,51059,354.9
9,51059,393.7
10,51059,99.6
11,51059,552.1
12,51059,403.6
13,51059,440
14,51059,361.5
15,51059,71.7
16,51059,380
17,51059,392.1
18,51059,78.7
19,51059,120.3
20,51059,456.7
21,51059,417.4
22,51059,298
23,51059,251.6
24,51059,453.1
25,51059,389.8
26,51059,397
27,51059,358.8
28,51059,360.9
29,51059,166.3
30,51059,319.3
31,51059,305.7
32,51059,419.1
33,51059,481.3
34,51059,205.9
35,51059,415.9
1,51059,240.6
2,51059,335.5
3,51059,245.9
4,51059,265.8
5,51059,264.9
6,51059,51.1
7,51059,156.1
8,51059,130.2
9,51059,125
10,51059,523.5
11,51059,102
12,51059,242.7
13,51059,45.4
14,51059,124.2
15,51059,548
16,51059,344.2
17,51059,274.9
18,51059,433.9
19,51059,369.6
20,51059,28.7
21,51059,70.5
22,51059,198.7
23,51059,272.2
24,51059,39.2
25,51059,229
26,51059,184.6
27,51059,247.1
28,51059,134.2
29,51059,327.3
30,51059,196.8
31,51059,225.8
32,51059,132
33,51059,28
1,51059,240.6
2,51059,335.5
3,51059,245.9
4,51059,265.8
5,51059,264.9
6,51059,51.1
7,51059,156.1
8,51059,130.2
9,51059,125
10,51059,523.5
11,51059,102
12,51059,242.7
13,51059,45.4
14,51059,124.2
15,51059,548
16,51059,344.2
17,51059,274.9
18,51059,433.9
19,51059,369.6
20,51059,28.7
21,51059,70.5
22,51059,198.7
23,51059,272.2
24,51059,39.2
25,51059,229
26,51059,184.6
27,51059,247.1
28,51059,134.2
29,51059,327.3
30,51059,196.8
31,51059,225.8
32,51059,132
33,51059,28
34,51059,315.9
35,51059,77.2
1,51059,222.8
2,51059,317.7
3,51059,228.1
4,51059,247.9
5,51059,247
6,51059,32.8
7,51059,138.3
8,51059,112.4
9,51059,107.1
10,51059,505.7
11,51059,97.2
12,51059,224.9
13,51059,27.6
14,51059,106.4
15,51059,530.2
16,51059,326.4
17,51059,257.1
18,51059,416.1
19,51059,351.8
20,51059,8.5
21,51059,52.7
22,51059,180.7
23,51059,254.2
24,51059,21.2
25,51059,211.2
26,51059,166.8
27,51059,229.2
28,51059,116.4
29,51059,309.4
30,51059,178.9
31,51059,208
32,51059,114.2
33,51059,28.1
1,51059,222.8
2,51059,317.7
3,51059,228.1
4,51059,247.9
5,51059,247
6,51059,32.8
7,51059,138.3
8,51059,112.4
9,51059,107.1
10,51059,505.7
11,51059,97.2
12,51059,224.9
13,51059,27.6
14,51059,106.4
15,51059,530.2
16,51059,326.4
17,51059,257.1
18,51059,416.1
19,51059,351.8
20,51059,8.5
21,51059,52.7
22,51059,180.7
23,51059,254.2
24,51059,21.2
25,51059,211.2
26,51059,166.8
27,51059,229.2
28,51059,116.4
29,51059,309.4
30,51059,178.9
31,51059,208
32,51059,114.2
33,51059,28.1
34,51059,297.9
35,51059,59.2
1,51059,11.7
2,51059,274.6
3,51059,18
4,51059,202.8
5,51059,242.4
6,51059,242.6
7,51059,139.7
8,51059,109.3
9,51059,172.3
10,51059,462.6
11,51059,306.5
12,51059,19.3
13,51059,194.4
14,51059,122
15,51059,487.1
16,51059,151.8
17,51059,63.7
18,51059,372.9
19,51059,308.7
20,51059,211.1
21,51059,171.9
22,51059,199.5
23,51059,295
24,51059,220.7
25,51059,45.9
26,51059,76.6
27,51059,106.7
28,51059,121.8
29,51059,272.7
30,51059,247
31,51059,170.8
32,51059,143
33,51059,242.3
1,51059,11.7
2,51059,274.6
3,51059,18
4,51059,202.8
5,51059,242.4
6,51059,242.6
7,51059,139.7
8,51059,109.3
9,51059,172.3
10,51059,462.6
11,51059,306.5
12,51059,19.3
13,51059,194.4
14,51059,122
15,51059,487.1
16,51059,151.8
17,51059,63.7
18,51059,372.9
19,51059,308.7
20,51059,211.1
21,51059,171.9
22,51059,199.5
23,51059,295
24,51059,220.7
25,51059,45.9
26,51059,76.6
27,51059,106.7
28,51059,121.8
29,51059,272.7
30,51059,247
31,51059,170.8
32,51059,143
33,51059,242.3
34,51059,334.2
35,51059,207.9
1,51059,103.6
2,51059,200
3,51059,94.8
4,51059,130.2
5,51059,157.2
6,51059,237.7
7,51059,127.3
8,51059,104.4
9,51059,167.4
10,51059,388
11,51059,301.6
12,51059,84.2
13,51059,189.5
14,51059,117.1
15,51059,412.5
16,51059,134.8
17,51059,82.6
18,51059,298.3
19,51059,234.1
20,51059,206.2
21,51059,166.9
22,51059,160.4
23,51059,209.8
24,51059,215.8
25,51059,63.3
26,51059,71.6
27,51059,19.2
28,51059,116.9
29,51059,198.1
30,51059,215.9
31,51059,94.6
32,51059,139.1
33,51059,237.4
1,51059,103.6
2,51059,200
3,51059,94.8
4,51059,130.2
5,51059,157.2
6,51059,237.7
7,51059,127.3
8,51059,104.4
9,51059,167.4
10,51059,388
11,51059,301.6
12,51059,84.2
13,51059,189.5
14,51059,117.1
15,51059,412.5
16,51059,134.8
17,51059,82.6
18,51059,298.3
19,51059,234.1
20,51059,206.2
21,51059,166.9
22,51059,160.4
23,51059,209.8
24,51059,215.8
25,51059,63.3
26,51059,71.6
27,51059,19.2
28,51059,116.9
29,51059,198.1
30,51059,215.9
31,51059,94.6
32,51059,139.1
33,51059,237.4
34,51059,259.6
35,51059,203
1,51059,34.1
2,51059,262.7
3,51059,24.9
4,51059,190.9
5,51059,239.4
6,51059,264.3
7,51059,161.4
8,51059,131
9,51059,194
10,51059,450.7
11,51059,328.2
12,51059,23.2
13,51059,216.1
14,51059,143.7
15,51059,475.3
16,51059,140
17,51059,33.1
18,51059,361.1
19,51059,296.9
20,51059,232.8
21,51059,193.6
22,51059,221.2
23,51059,292.1
24,51059,242.4
25,51059,39.3
26,51059,98.4
27,51059,94.9
28,51059,143.5
29,51059,260.9
30,51059,268.7
31,51059,176.1
32,51059,164.8
33,51059,264
1,51059,34.1
2,51059,262.7
3,51059,24.9
4,51059,190.9
5,51059,239.4
6,51059,264.3
7,51059,161.4
8,51059,131
9,51059,194
10,51059,450.7
11,51059,328.2
12,51059,23.2
13,51059,216.1
14,51059,143.7
15,51059,475.3
16,51059,140
17,51059,33.1
18,51059,361.1
19,51059,296.9
20,51059,232.8
21,51059,193.6
22,51059,221.2
23,51059,292.1
24,51059,242.4
25,51059,39.3
26,51059,98.4
27,51059,94.9
28,51059,143.5
29,51059,260.9
30,51059,268.7
31,51059,176.1
32,51059,164.8
33,51059,264
34,51059,322.3
35,51059,229.6
1,51059,138.8
2,51059,218.9
3,51059,144
4,51059,149.3
5,51059,135.7
6,51059,138.7
7,51059,13.8
8,51059,29.3
9,51059,61.4
10,51059,399.3
11,51059,219.2
12,51059,140.8
13,51059,107.1
14,51059,24.4
15,51059,423.9
16,51059,242.3
17,51059,173
18,51059,309.7
19,51059,245.5
20,51059,123.8
21,51059,84.6
22,51059,69.5
23,51059,176.3
24,51059,122.1
25,51059,127.1
26,51059,82.7
27,51059,143.7
28,51059,24.5
29,51059,198.2
30,51059,119.9
31,51059,109.3
32,51059,93.3
33,51059,150.3
1,51059,138.8
2,51059,218.9
3,51059,144
4,51059,149.3
5,51059,135.7
6,51059,138.7
7,51059,13.8
8,51059,29.3
9,51059,61.4
10,51059,399.3
11,51059,219.2
12,51059,140.8
13,51059,107.1
14,51059,24.4
15,51059,423.9
16,51059,242.3
17,51059,173
18,51059,309.7
19,51059,245.5
20,51059,123.8
21,51059,84.6
22,51059,69.5
23,51059,176.3
24,51059,122.1
25,51059,127.1
26,51059,82.7
27,51059,143.7
28,51059,24.5
29,51059,198.2
30,51059,119.9
31,51059,109.3
32,51059,93.3
33,51059,150.3
34,51059,224.8
35,51059,98.9
1,51047,190.3
2,51047,285.1
3,51047,195.5
4,51047,215.4
5,51047,230.2
6,51047,66.1
7,51047,105.7
8,51047,79.8
9,51047,112
10,51047,473.1
11,51047,129.9
12,51047,192.4
13,51047,17.8
14,51047,73.8
15,51047,497.6
16,51047,293.8
17,51047,224.5
18,51047,383.5
19,51047,319.3
20,51047,34.6
21,51047,20.2
22,51047,164
23,51047,264.4
24,51047,43.7
25,51047,178.6
26,51047,134.2
27,51047,196.7
28,51047,83.8
29,51047,283.3
30,51047,189.1
31,51047,175.4
32,51047,82.1
33,51047,65.8
1,51047,190.3
2,51047,285.1
3,51047,195.5
4,51047,215.4
5,51047,230.2
6,51047,66.1
7,51047,105.7
8,51047,79.8
9,51047,112
10,51047,473.1
11,51047,129.9
12,51047,192.4
13,51047,17.8
14,51047,73.8
15,51047,497.6
16,51047,293.8
17,51047,224.5
18,51047,383.5
19,51047,319.3
20,51047,34.6
21,51047,20.2
22,51047,164
23,51047,264.4
24,51047,43.7
25,51047,178.6
26,51047,134.2
27,51047,196.7
28,51047,83.8
29,51047,283.3
30,51047,189.1
31,51047,175.4
32,51047,82.1
33,51047,65.8
34,51047,308.1
35,51047,69.1
1,51087,123.2
2,51087,201.4
3,51087,128.5
4,51087,131.7
5,51087,159.5
6,51087,149.6
7,51087,38.3
8,51087,15.3
9,51087,73.6
10,51087,389.5
11,51087,213.4
12,51087,125.3
13,51087,101.4
14,51087,21.3
15,51087,414
16,51087,226.8
17,51087,157.5
18,51087,299.8
19,51087,235.6
20,51087,118.1
21,51087,78.8
22,51087,97.3
23,51087,204.2
24,51087,127.7
25,51087,111.6
26,51087,67.2
27,51087,126.1
28,51087,20.4
29,51087,199.6
30,51087,146.2
31,51087,91.7
32,51087,83.7
33,51087,149.3
1,51087,123.2
2,51087,201.4
3,51087,128.5
4,51087,131.7
5,51087,159.5
6,51087,149.6
7,51087,38.3
8,51087,15.3
9,51087,73.6
10,51087,389.5
11,51087,213.4
12,51087,125.3
13,51087,101.4
14,51087,21.3
15,51087,414
16,51087,226.8
17,51087,157.5
18,51087,299.8
19,51087,235.6
20,51087,118.1
21,51087,78.8
22,51087,97.3
23,51087,204.2
24,51087,127.7
25,51087,111.6
26,51087,67.2
27,51087,126.1
28,51087,20.4
29,51087,199.6
30,51087,146.2
31,51087,91.7
32,51087,83.7
33,51087,149.3
34,51087,252.7
35,51087,111.1
1,51087,230.3
2,51087,325.1
3,51087,235.6
4,51087,255.4
5,51087,249.3
6,51087,35.6
7,51087,143.8
8,51087,119.8
9,51087,109.4
10,51087,512.9
11,51087,96.4
12,51087,232.4
13,51087,35
14,51087,113.8
15,51087,537.5
16,51087,333.8
17,51087,264.5
18,51087,423.3
19,51087,359.1
20,51087,15.9
21,51087,60.2
22,51087,183.1
23,51087,256.6
24,51087,23.6
25,51087,218.6
26,51087,174.2
27,51087,236.7
28,51087,123.8
29,51087,311.8
30,51087,181.2
31,51087,215.4
32,51087,121.6
33,51087,20
1,51087,230.3
2,51087,325.1
3,51087,235.6
4,51087,255.4
5,51087,249.3
6,51087,35.6
7,51087,143.8
8,51087,119.8
9,51087,109.4
10,51087,512.9
11,51087,96.4
12,51087,232.4
13,51087,35
14,51087,113.8
15,51087,537.5
16,51087,333.8
17,51087,264.5
18,51087,423.3
19,51087,359.1
20,51087,15.9
21,51087,60.2
22,51087,183.1
23,51087,256.6
24,51087,23.6
25,51087,218.6
26,51087,174.2
27,51087,236.7
28,51087,123.8
29,51087,311.8
30,51087,181.2
31,51087,215.4
32,51087,121.6
33,51087,20
34,51087,300.3
35,51087,61.6
1,51520,121.6
2,51520,202.3
3,51520,126.9
4,51520,132.5
5,51520,160.3
6,51520,147.7
7,51520,36.4
8,51520,13.7
9,51520,71.7
10,51520,390.3
11,51520,211.5
12,51520,123.7
13,51520,99.5
14,51520,19.4
15,51520,414.8
16,51520,225.2
17,51520,155.9
18,51520,300.7
19,51520,236.4
20,51520,116.2
21,51520,76.9
22,51520,96.2
23,51520,203
24,51520,125.8
25,51520,110
26,51520,65.6
27,51520,127
28,51520,18.5
29,51520,200.5
30,51520,144.3
31,51520,92.6
32,51520,82.1
33,51520,147.4
1,51520,121.6
2,51520,202.3
3,51520,126.9
4,51520,132.5
5,51520,160.3
6,51520,147.7
7,51520,36.4
8,51520,13.7
9,51520,71.7
10,51520,390.3
11,51520,211.5
12,51520,123.7
13,51520,99.5
14,51520,19.4
15,51520,414.8
16,51520,225.2
17,51520,155.9
18,51520,300.7
19,51520,236.4
20,51520,116.2
21,51520,76.9
22,51520,96.2
23,51520,203
24,51520,125.8
25,51520,110
26,51520,65.6
27,51520,127
28,51520,18.5
29,51520,200.5
30,51520,144.3
31,51520,92.6
32,51520,82.1
33,51520,147.4
34,51520,251.5
35,51520,109.2
1,51650,104.5
2,51650,214.1
3,51650,109.8
4,51650,144.3
5,51650,172.1
6,51650,149.7
7,51650,46.8
8,51650,16.4
9,51650,79.4
10,51650,402.1
11,51650,213.6
12,51650,106.6
13,51650,101.5
14,51650,29.1
15,51650,426.6
16,51650,208.1
17,51650,138.8
18,51650,312.4
19,51650,248.2
20,51650,118.2
21,51650,79
22,51650,106.6
23,51650,213.4
24,51650,127.8
25,51650,92.9
26,51650,48.5
27,51650,111
28,51650,28.9
29,51650,212.2
30,51650,154.1
31,51650,104.3
32,51650,75.2
33,51650,149.4
1,51650,104.5
2,51650,214.1
3,51650,109.8
4,51650,144.3
5,51650,172.1
6,51650,149.7
7,51650,46.8
8,51650,16.4
9,51650,79.4
10,51650,402.1
11,51650,213.6
12,51650,106.6
13,51650,101.5
14,51650,29.1
15,51650,426.6
16,51650,208.1
17,51650,138.8
18,51650,312.4
19,51650,248.2
20,51650,118.2
21,51650,79
22,51650,106.6
23,51650,213.4
24,51650,127.8
25,51650,92.9
26,51650,48.5
27,51650,111
28,51650,28.9
29,51650,212.2
30,51650,154.1
31,51650,104.3
32,51650,75.2
33,51650,149.4
34,51650,261.9
35,51650,115
1,51730,14
2,51730,269.4
3,51730,2.8
4,51730,197.7
5,51730,246.2
6,51730,253.8
7,51730,150.9
8,51730,120.4
9,51730,183.4
10,51730,457.5
11,51730,317.6
12,51730,24
13,51730,205.5
14,51730,133.1
15,51730,482
16,51730,146.7
17,51730,54.5
18,51730,367.8
19,51730,303.6
20,51730,222.3
21,51730,183
22,51730,210.6
23,51730,298.8
24,51730,231.8
25,51730,47.5
26,51730,87.8
27,51730,101.6
28,51730,132.9
29,51730,267.6
30,51730,258.1
31,51730,182
32,51730,154.2
33,51730,253.5
1,51730,14
2,51730,269.4
3,51730,2.8
4,51730,197.7
5,51730,246.2
6,51730,253.8
7,51730,150.9
8,51730,120.4
9,51730,183.4
10,51730,457.5
11,51730,317.6
12,51730,24
13,51730,205.5
14,51730,133.1
15,51730,482
16,51730,146.7
17,51730,54.5
18,51730,367.8
19,51730,303.6
20,51730,222.3
21,51730,183
22,51730,210.6
23,51730,298.8
24,51730,231.8
25,51730,47.5
26,51730,87.8
27,51730,101.6
28,51730,132.9
29,51730,267.6
30,51730,258.1
31,51730,182
32,51730,154.2
33,51730,253.5
34,51730,329.1
35,51730,219.1
1,51680,193.1
2,51680,287.9
3,51680,198.4
4,51680,218.2
5,51680,233
6,51680,61.5
7,51680,108.5
8,51680,82.7
9,51680,107.3
10,51680,475.9
11,51680,125.3
12,51680,195.2
13,51680,13.2
14,51680,76.6
15,51680,500.5
16,51680,296.6
17,51680,227.3
18,51680,386.3
19,51680,322.1
20,51680,30
21,51680,23
22,51680,166.8
23,51680,259.7
24,51680,39
25,51680,181.4
26,51680,137.1
27,51680,199.5
28,51680,86.7
29,51680,286.1
30,51680,184.3
31,51680,178.2
32,51680,83.4
33,51680,61.2
1,51680,193.1
2,51680,287.9
3,51680,198.4
4,51680,218.2
5,51680,233
6,51680,61.5
7,51680,108.5
8,51680,82.7
9,51680,107.3
10,51680,475.9
11,51680,125.3
12,51680,195.2
13,51680,13.2
14,51680,76.6
15,51680,500.5
16,51680,296.6
17,51680,227.3
18,51680,386.3
19,51680,322.1
20,51680,30
21,51680,23
22,51680,166.8
23,51680,259.7
24,51680,39
25,51680,181.4
26,51680,137.1
27,51680,199.5
28,51680,86.7
29,51680,286.1
30,51680,184.3
31,51680,178.2
32,51680,83.4
33,51680,61.2
34,51680,303.4
35,51680,64.4
1,51710,13
2,51710,266.6
3,51710,9
4,51710,194.8
5,51710,243.3
6,51710,252.6
7,51710,149.7
8,51710,119.3
9,51710,182.2
10,51710,454.6
11,51710,316.4
12,51710,16.1
13,51710,204.3
14,51710,131.9
15,51710,479.1
16,51710,143.8
17,51710,52.3
18,51710,365
19,51710,300.7
20,51710,221.1
21,51710,181.8
22,51710,209.4
23,51710,295.9
24,51710,230.7
25,51710,44.6
26,51710,86.6
27,51710,98.8
28,51710,131.7
29,51710,264.8
30,51710,256.9
31,51710,179.9
32,51710,153
33,51710,252.3
1,51710,13
2,51710,266.6
3,51710,9
4,51710,194.8
5,51710,243.3
6,51710,252.6
7,51710,149.7
8,51710,119.3
9,51710,182.2
10,51710,454.6
11,51710,316.4
12,51710,16.1
13,51710,204.3
14,51710,131.9
15,51710,479.1
16,51710,143.8
17,51710,52.3
18,51710,365
19,51710,300.7
20,51710,221.1
21,51710,181.8
22,51710,209.4
23,51710,295.9
24,51710,230.7
25,51710,44.6
26,51710,86.6
27,51710,98.8
28,51710,131.7
29,51710,264.8
30,51710,256.9
31,51710,179.9
32,51710,153
33,51710,252.3
34,51710,326.2
35,51710,217.9
1,51710,280.3
2,51710,47.1
3,51710,271.5
4,51710,120.2
5,51710,76.3
6,51710,318.4
7,51710,197.9
8,51710,212.3
9,51710,241.1
10,51710,211.2
11,51710,406.5
12,51710,260.9
13,51710,297.3
14,51710,218.9
15,51710,235.8
16,51710,237.4
17,51710,249.5
18,51710,121.6
19,51710,57.4
20,51710,311.2
21,51710,274.8
22,51710,142.9
23,51710,87
24,51710,301.8
25,51710,247.2
26,51710,254.4
27,51710,216.2
28,51710,218.3
29,51710,7.1
30,51710,184.8
31,51710,163.1
32,51710,276.4
33,51710,330
1,51710,280.3
2,51710,47.1
3,51710,271.5
4,51710,120.2
5,51710,76.3
6,51710,318.4
7,51710,197.9
8,51710,212.3
9,51710,241.1
10,51710,211.2
11,51710,406.5
12,51710,260.9
13,51710,297.3
14,51710,218.9
15,51710,235.8
16,51710,237.4
17,51710,249.5
18,51710,121.6
19,51710,57.4
20,51710,311.2
21,51710,274.8
22,51710,142.9
23,51710,87
24,51710,301.8
25,51710,247.2
26,51710,254.4
27,51710,216.2
28,51710,218.3
29,51710,7.1
30,51710,184.8
31,51710,163.1
32,51710,276.4
33,51710,330
34,51710,61.3
35,51710,278.6
1,51700,24.6
2,51700,262.8
3,51700,15.4
4,51700,191
5,51700,239.5
6,51700,253.1
7,51700,150.1
8,51700,119.7
9,51700,182.7
10,51700,450.8
11,51700,316.9
12,51700,17.6
13,51700,204.8
14,51700,132.4
15,51700,475.3
16,51700,140.1
17,51700,44.2
18,51700,361.2
19,51700,297
20,51700,221.5
21,51700,182.3
22,51700,209.9
23,51700,292.1
24,51700,231.1
25,51700,40.8
26,51700,87.1
27,51700,95
28,51700,132.2
29,51700,261
30,51700,257.4
31,51700,176.2
32,51700,153.5
33,51700,252.7
1,51700,24.6
2,51700,262.8
3,51700,15.4
4,51700,191
5,51700,239.5
6,51700,253.1
7,51700,150.1
8,51700,119.7
9,51700,182.7
10,51700,450.8
11,51700,316.9
12,51700,17.6
13,51700,204.8
14,51700,132.4
15,51700,475.3
16,51700,140.1
17,51700,44.2
18,51700,361.2
19,51700,297
20,51700,221.5
21,51700,182.3
22,51700,209.9
23,51700,292.1
24,51700,231.1
25,51700,40.8
26,51700,87.1
27,51700,95
28,51700,132.2
29,51700,261
30,51700,257.4
31,51700,176.2
32,51700,153.5
33,51700,252.7
34,51700,322.4
35,51700,218.3
1,51700,32.4
2,51700,265.6
3,51700,37.7
4,51700,193.9
5,51700,224.2
6,51700,224.5
7,51700,121.5
8,51700,91.1
9,51700,154.1
10,51700,453.7
11,51700,288.3
12,51700,34.5
13,51700,176.2
14,51700,103.8
15,51700,478.2
16,51700,142.9
17,51700,70.9
18,51700,364
19,51700,299.8
20,51700,192.9
21,51700,153.7
22,51700,181.3
23,51700,276.8
24,51700,202.5
25,51700,25
26,51700,58.5
27,51700,97.1
28,51700,103.6
29,51700,263.8
30,51700,228.8
31,51700,152.6
32,51700,124.9
33,51700,224.1
1,51700,32.4
2,51700,265.6
3,51700,37.7
4,51700,193.9
5,51700,224.2
6,51700,224.5
7,51700,121.5
8,51700,91.1
9,51700,154.1
10,51700,453.7
11,51700,288.3
12,51700,34.5
13,51700,176.2
14,51700,103.8
15,51700,478.2
16,51700,142.9
17,51700,70.9
18,51700,364
19,51700,299.8
20,51700,192.9
21,51700,153.7
22,51700,181.3
23,51700,276.8
24,51700,202.5
25,51700,25
26,51700,58.5
27,51700,97.1
28,51700,103.6
29,51700,263.8
30,51700,228.8
31,51700,152.6
32,51700,124.9
33,51700,224.1
34,51700,325.2
35,51700,189.7
1,51700,234.6
2,51700,329.4
3,51700,239.9
4,51700,259.7
5,51700,250
6,51700,29.7
7,51700,144.5
8,51700,124.2
9,51700,110.1
10,51700,513.6
11,51700,107.9
12,51700,236.7
13,51700,39.3
14,51700,118.1
15,51700,538.2
16,51700,338.2
17,51700,268.8
18,51700,424
19,51700,359.8
20,51700,20.2
21,51700,64.5
22,51700,183.8
23,51700,257.3
24,51700,28.6
25,51700,222.9
26,51700,178.6
27,51700,241
28,51700,128.2
29,51700,312.5
30,51700,181.9
31,51700,219.7
32,51700,125.9
33,51700,22.7
1,51700,234.6
2,51700,329.4
3,51700,239.9
4,51700,259.7
5,51700,250
6,51700,29.7
7,51700,144.5
8,51700,124.2
9,51700,110.1
10,51700,513.6
11,51700,107.9
12,51700,236.7
13,51700,39.3
14,51700,118.1
15,51700,538.2
16,51700,338.2
17,51700,268.8
18,51700,424
19,51700,359.8
20,51700,20.2
21,51700,64.5
22,51700,183.8
23,51700,257.3
24,51700,28.6
25,51700,222.9
26,51700,178.6
27,51700,241
28,51700,128.2
29,51700,312.5
30,51700,181.9
31,51700,219.7
32,51700,125.9
33,51700,22.7
34,51700,301
35,51700,62.3
1,51013,186.3
2,51013,101.6
3,51013,177.5
4,51013,22.2
5,51013,105.2
6,51013,254.1
7,51013,131.4
8,51013,120.8
9,51013,179.7
10,51013,289.6
11,51013,318
12,51013,167
13,51013,205.9
14,51013,127.4
15,51013,314.1
16,51013,143.4
17,51013,155.5
18,51013,200
19,51013,135.7
20,51013,222.6
21,51013,183.4
22,51013,145.8
23,51013,158.1
24,51013,232.2
25,51013,153.2
26,51013,162.9
27,51013,124.7
28,51013,126.8
29,51013,99.8
30,51013,201.2
31,51013,71.6
32,51013,185
33,51013,253.8
1,51013,186.3
2,51013,101.6
3,51013,177.5
4,51013,22.2
5,51013,105.2
6,51013,254.1
7,51013,131.4
8,51013,120.8
9,51013,179.7
10,51013,289.6
11,51013,318
12,51013,167
13,51013,205.9
14,51013,127.4
15,51013,314.1
16,51013,143.4
17,51013,155.5
18,51013,200
19,51013,135.7
20,51013,222.6
21,51013,183.4
22,51013,145.8
23,51013,158.1
24,51013,232.2
25,51013,153.2
26,51013,162.9
27,51013,124.7
28,51013,126.8
29,51013,99.8
30,51013,201.2
31,51013,71.6
32,51013,185
33,51013,253.8
34,51013,161.2
35,51013,217.2
1,51800,218.8
2,51800,300.9
3,51800,224.1
4,51800,241.9
5,51800,217.7
6,51800,41.8
7,51800,112.2
8,51800,108.4
9,51800,77.8
10,51800,480.2
11,51800,129.9
12,51800,220.9
13,51800,41.3
14,51800,103.7
15,51800,504.7
16,51800,322.4
17,51800,253.1
18,51800,390.6
19,51800,327.5
20,51800,34.5
21,51800,64.2
22,51800,151.5
23,51800,221.7
24,51800,25.1
25,51800,207.2
26,51800,162.8
27,51800,225.2
28,51800,105.7
29,51800,280.2
30,51800,146.3
31,51800,202
32,51800,125.7
33,51800,53.4
1,51800,218.8
2,51800,300.9
3,51800,224.1
4,51800,241.9
5,51800,217.7
6,51800,41.8
7,51800,112.2
8,51800,108.4
9,51800,77.8
10,51800,480.2
11,51800,129.9
12,51800,220.9
13,51800,41.3
14,51800,103.7
15,51800,504.7
16,51800,322.4
17,51800,253.1
18,51800,390.6
19,51800,327.5
20,51800,34.5
21,51800,64.2
22,51800,151.5
23,51800,221.7
24,51800,25.1
25,51800,207.2
26,51800,162.8
27,51800,225.2
28,51800,105.7
29,51800,280.2
30,51800,146.3
31,51800,202
32,51800,125.7
33,51800,53.4
34,51800,265.4
35,51800,30
1,51810,243.9
2,51810,95.9
3,51810,238.2
4,51810,121
5,51810,9.3
6,51810,249.3
7,51810,128.9
8,51810,157.7
9,51810,172
10,51810,276.4
11,51810,337.5
12,51810,227.6
13,51810,236.8
14,51810,154.1
15,51810,300.9
16,51810,235
17,51810,226.1
18,51810,186.8
19,51810,122.5
20,51810,242.1
21,51810,214.3
22,51810,73.9
23,51810,64.3
24,51810,232.7
25,51810,206.7
26,51810,206.1
27,51810,166.9
28,51810,153.2
29,51810,75.2
30,51810,122.6
31,51810,114.8
32,51810,223
33,51810,260.9
1,51810,243.9
2,51810,95.9
3,51810,238.2
4,51810,121
5,51810,9.3
6,51810,249.3
7,51810,128.9
8,51810,157.7
9,51810,172
10,51810,276.4
11,51810,337.5
12,51810,227.6
13,51810,236.8
14,51810,154.1
15,51810,300.9
16,51810,235
17,51810,226.1
18,51810,186.8
19,51810,122.5
20,51810,242.1
21,51810,214.3
22,51810,73.9
23,51810,64.3
24,51810,232.7
25,51810,206.7
26,51810,206.1
27,51810,166.9
28,51810,153.2
29,51810,75.2
30,51810,122.6
31,51810,114.8
32,51810,223
33,51810,260.9
34,51810,118.7
35,51810,209.6
1,51810,230.4
2,51810,325.2
3,51810,235.7
4,51810,255.5
5,51810,249.9
6,51810,36.2
7,51810,144.4
8,51810,120
9,51810,110.1
10,51810,513.2
11,51810,95.5
12,51810,232.5
13,51810,35.1
14,51810,113.9
15,51810,537.8
16,51810,333.9
17,51810,264.6
18,51810,423.6
19,51810,359.4
20,51810,16
21,51810,60.3
22,51810,183.7
23,51810,257.2
24,51810,24.2
25,51810,218.7
26,51810,174.4
27,51810,236.8
28,51810,124
29,51810,312.4
30,51810,181.9
31,51810,215.5
32,51810,121.7
33,51810,21.1
1,51810,230.4
2,51810,325.2
3,51810,235.7
4,51810,255.5
5,51810,249.9
6,51810,36.2
7,51810,144.4
8,51810,120
9,51810,110.1
10,51810,513.2
11,51810,95.5
12,51810,232.5
13,51810,35.1
14,51810,113.9
15,51810,537.8
16,51810,333.9
17,51810,264.6
18,51810,423.6
19,51810,359.4
20,51810,16
21,51810,60.3
22,51810,183.7
23,51810,257.2
24,51810,24.2
25,51810,218.7
26,51810,174.4
27,51810,236.8
28,51810,124
29,51810,312.4
30,51810,181.9
31,51810,215.5
32,51810,121.7
33,51810,21.1
34,51810,300.9
35,51810,62.2
1,51810,26.1
2,51810,262.1
3,51810,16.8
4,51810,190.4
5,51810,238.9
6,51810,254.5
7,51810,151.5
8,51810,121.1
9,51810,184.1
10,51810,450.2
11,51810,318.3
12,51810,16.7
13,51810,206.2
14,51810,133.8
15,51810,474.7
16,51810,139.4
17,51810,43.2
18,51810,360.5
19,51810,296.3
20,51810,223
21,51810,183.7
22,51810,211.3
23,51810,291.5
24,51810,232.5
25,51810,40.2
26,51810,88.5
27,51810,94.3
28,51810,133.6
29,51810,260.3
30,51810,258.8
31,51810,175.5
32,51810,154.9
33,51810,254.1
1,51810,26.1
2,51810,262.1
3,51810,16.8
4,51810,190.4
5,51810,238.9
6,51810,254.5
7,51810,151.5
8,51810,121.1
9,51810,184.1
10,51810,450.2
11,51810,318.3
12,51810,16.7
13,51810,206.2
14,51810,133.8
15,51810,474.7
16,51810,139.4
17,51810,43.2
18,51810,360.5
19,51810,296.3
20,51810,223
21,51810,183.7
22,51810,211.3
23,51810,291.5
24,51810,232.5
25,51810,40.2
26,51810,88.5
27,51810,94.3
28,51810,133.6
29,51810,260.3
30,51810,258.8
31,51810,175.5
32,51810,154.9
33,51810,254.1
34,51810,321.7
35,51810,219.7
1,51810,223.9
2,51810,318.7
3,51810,229.1
4,51810,249
5,51810,245.1
6,51810,32.7
7,51810,139.3
8,51810,113.4
9,51810,105.2
10,51810,506.7
11,51810,99.2
12,51810,226
13,51810,28.6
14,51810,107.4
15,51810,531.2
16,51810,327.4
17,51810,258.1
18,51810,417.1
19,51810,352.8
20,51810,8.8
21,51810,53.8
22,51810,178.9
23,51810,252.4
24,51810,19.4
25,51810,212.2
26,51810,167.8
27,51810,230.3
28,51810,117.4
29,51810,307.6
30,51810,177
31,51810,209
32,51810,115.2
33,51810,29.7
1,51810,223.9
2,51810,318.7
3,51810,229.1
4,51810,249
5,51810,245.1
6,51810,32.7
7,51810,139.3
8,51810,113.4
9,51810,105.2
10,51810,506.7
11,51810,99.2
12,51810,226
13,51810,28.6
14,51810,107.4
15,51810,531.2
16,51810,327.4
17,51810,258.1
18,51810,417.1
19,51810,352.8
20,51810,8.8
21,51810,53.8
22,51810,178.9
23,51810,252.4
24,51810,19.4
25,51810,212.2
26,51810,167.8
27,51810,230.3
28,51810,117.4
29,51810,307.6
30,51810,177
31,51810,209
32,51810,115.2
33,51810,29.7
34,51810,296.1
35,51810,57.4
1,51810,189.5
2,51810,284.3
3,51810,194.8
4,51810,214.6
5,51810,229.4
6,51810,67.8
7,51810,104.9
8,51810,79.1
9,51810,115.3
10,51810,472.4
11,51810,131.6
12,51810,191.6
13,51810,19.5
14,51810,73
15,51810,496.9
16,51810,293.1
17,51810,223.8
18,51810,382.7
19,51810,318.5
20,51810,36.2
21,51810,19.4
22,51810,163.2
23,51810,267.8
24,51810,45.8
25,51810,177.8
26,51810,133.5
27,51810,195.9
28,51810,83.1
29,51810,282.5
30,51810,192.4
31,51810,174.6
32,51810,74.9
33,51810,67.4
1,51810,189.5
2,51810,284.3
3,51810,194.8
4,51810,214.6
5,51810,229.4
6,51810,67.8
7,51810,104.9
8,51810,79.1
9,51810,115.3
10,51810,472.4
11,51810,131.6
12,51810,191.6
13,51810,19.5
14,51810,73
15,51810,496.9
16,51810,293.1
17,51810,223.8
18,51810,382.7
19,51810,318.5
20,51810,36.2
21,51810,19.4
22,51810,163.2
23,51810,267.8
24,51810,45.8
25,51810,177.8
26,51810,133.5
27,51810,195.9
28,51810,83.1
29,51810,282.5
30,51810,192.4
31,51810,174.6
32,51810,74.9
33,51810,67.4
34,51810,311.5
35,51810,72.5
1,51770,245
2,51770,339.9
3,51770,250.3
4,51770,270.1
5,51770,261.8
6,51770,41.6
7,51770,156.3
8,51770,134.6
9,51770,122
10,51770,525.5
11,51770,112.6
12,51770,247.1
13,51770,49.8
14,51770,128.6
15,51770,550
16,51770,348.6
17,51770,279.3
18,51770,435.8
19,51770,371.6
20,51770,30.7
21,51770,74.9
22,51770,195.6
23,51770,269.1
24,51770,38.1
25,51770,233.4
26,51770,189
27,51770,251.4
28,51770,138.6
29,51770,324.3
30,51770,193.8
31,51770,230.2
32,51770,136.4
33,51770,7.3
1,51770,245
2,51770,339.9
3,51770,250.3
4,51770,270.1
5,51770,261.8
6,51770,41.6
7,51770,156.3
8,51770,134.6
9,51770,122
10,51770,525.5
11,51770,112.6
12,51770,247.1
13,51770,49.8
14,51770,128.6
15,51770,550
16,51770,348.6
17,51770,279.3
18,51770,435.8
19,51770,371.6
20,51770,30.7
21,51770,74.9
22,51770,195.6
23,51770,269.1
24,51770,38.1
25,51770,233.4
26,51770,189
27,51770,251.4
28,51770,138.6
29,51770,324.3
30,51770,193.8
31,51770,230.2
32,51770,136.4
33,51770,7.3
34,51770,312.8
35,51770,74.1
